,UMAP1,UMAP2
AAACCTGAGGACCACA-1,9.858554,1.9426386
AAACGGGAGCAATATG-1,9.680982,8.796041
AAACGGGCATGTCTCC-1,6.8445063,2.8579843
AAACGGGTCGCGCCAA-1,6.4817796,5.6356173
AAAGATGGTAGAGTGC-1,6.871362,4.6054997
AAAGATGTCAGCGACC-1,8.412008,7.2751718
AACACGTCACTTCTGC-1,5.637557,5.261877
AACCGCGCAGCGTCCA-1,8.421313,4.650585
AACCGCGCATCCCATC-1,9.020666,1.646348
AACCGCGTCCCTAACC-1,6.453715,3.6499395
AACGTTGTCAAGATCC-1,7.53135,1.84666
AACTCAGCACTCGACG-1,8.23036,3.1950958
AACTCCCCATTACGAC-1,6.8172674,5.7144055
AACTCCCTCTAAGCCA-1,4.8890977,5.220768
AACTCTTAGGCATTGG-1,7.0093822,3.3582368
AACTGGTGTCCGAATT-1,6.237453,4.200934
AACTTTCCAGATGGCA-1,8.003936,5.7071047
AACTTTCTCAGGCGAA-1,5.512265,5.9473243
AAGACCTAGGAATGGA-1,6.4858556,4.2491894
AAGACCTCAAATACAG-1,6.484711,3.4130921
AAGACCTTCGGATGGA-1,7.900655,3.4833875
AAGCCGCCACGACTCG-1,6.8392234,6.271045
AAGGCAGAGCTTTGGT-1,7.405248,5.920941
AAGGTTCAGCATGGCA-1,7.477983,6.3610525
AAGTCTGCACATGGGA-1,7.1397743,5.856866
AATCCAGAGTATTGGA-1,6.402311,5.3797646
AATCGGTTCGCGATCG-1,7.3228774,4.0687075
AATCGGTTCTCTTGAT-1,7.194175,3.7053123
ACACCGGGTCTGGAGA-1,6.1285195,3.847653
ACAGCCGAGACCACGA-1,6.71169,3.7377565
ACAGCCGAGTCGTACT-1,7.45812,0.56781596
ACAGCCGTCGGAGGTA-1,8.365604,7.602576
ACAGCTAGTCATCCCT-1,6.763297,3.231335
ACATACGCACAGGTTT-1,6.022728,3.9438858
ACATACGCATCCGTGG-1,7.679718,3.3386414
ACATCAGAGATTACCC-1,5.389984,3.8125536
ACCAGTAGTAAGTTCC-1,5.3144126,5.893041
ACCAGTATCTAAGCCA-1,8.338509,7.623
ACCCACTAGTCAAGGC-1,6.0790763,5.7937365
ACCCACTAGTCCATAC-1,8.293785,2.223657
ACCCACTCACGGTAGA-1,8.310037,7.4129715
ACCCACTTCAGCAACT-1,7.929399,2.9530795
ACCGTAAAGCCTATGT-1,9.712137,2.16103
ACCGTAAGTCTCCACT-1,6.042988,3.249391
ACGAGGAAGTGGAGTC-1,7.4531507,3.1833823
ACGAGGAGTTGAACTC-1,6.663662,4.6458483
ACGATGTAGTAGGTGC-1,8.622499,3.0837805
ACGATGTCAAGCGCTC-1,8.411313,3.1464417
ACGATGTGTTCCACAA-1,9.968101,1.8639953
ACGCAGCGTACCGGCT-1,8.160646,5.8635807
ACGCCAGGTGTCGCTG-1,6.678389,5.0306168
ACGGCCAGTGCGAAAC-1,5.6909437,4.0252795
ACGGGCTCAGTATAAG-1,7.8608913,4.518963
ACGGGTCAGTCGTACT-1,8.196065,4.67059
ACGGGTCAGTGGAGTC-1,7.6022778,6.805791
ACGGGTCCACGAGGTA-1,5.4912887,3.4226632
ACGTCAAGTAATAGCA-1,6.4765997,3.74717
ACTGAACAGTGGTAGC-1,6.781628,4.395833
ACTTACTAGAGTAATC-1,9.011912,7.822376
ACTTACTTCACCTTAT-1,6.268253,4.2559443
ACTTACTTCCGGGTGT-1,6.6775107,2.7746506
ACTTGTTAGATGGCGT-1,8.649409,2.42968
ACTTGTTCAGCATACT-1,5.965833,2.9538794
ACTTTCAAGCCAGTAG-1,5.57282,4.452266
ACTTTCATCCACGCAG-1,5.3911414,4.1654077
AGACGTTTCCGCATCT-1,8.682384,7.842303
AGAGCGAAGACTGGGT-1,8.256421,3.804228
AGAGCGAGTAGCTTGT-1,8.103244,1.5635941
AGAGCGAGTCACCCAG-1,8.809002,2.7659783
AGAGCTTAGCCACGCT-1,7.0939894,4.143584
AGATCTGGTCAACTGT-1,6.1376553,5.0276194
AGCAGCCAGCGCTCCA-1,7.6035595,6.1800966
AGCAGCCAGTCATGCT-1,5.06879,3.8284094
AGCAGCCCAGTGGGAT-1,7.830308,2.5600438
AGCAGCCTCTCTGAGA-1,5.9884872,3.1860101
AGCATACCACCACCAG-1,8.327244,7.2012405
AGCGGTCGTCCGACGT-1,7.750298,6.26959
AGCGTATAGTGGAGTC-1,5.5505986,4.472946
AGCGTATCAGTCAGCC-1,8.8655815,3.5731802
AGCGTATGTCAAAGCG-1,5.7402487,4.9713655
AGCGTCGGTTAAAGAC-1,8.846598,3.9007685
AGCGTCGGTTGTACAC-1,6.8068295,4.576814
AGCTCTCAGCGATAGC-1,9.376933,1.4800143
AGCTTGATCCGATATG-1,6.1862397,3.841262
AGGCCACGTACGCTGC-1,8.038746,6.462512
AGGCCACTCGTAGGAG-1,5.0286894,5.7839456
AGGCCGTAGTACGCCC-1,9.15791,1.839936
AGGCCGTCAGTCGTGC-1,6.401815,4.3028684
AGGCCGTGTCAGCTAT-1,7.7328787,3.4558287
AGGCCGTGTCGCATAT-1,9.399066,2.231325
AGGCCGTTCGGACAAG-1,9.133796,2.4090009
AGGGAGTGTTAAAGAC-1,6.226202,5.5757904
AGGTCATCATTCCTGC-1,7.8624697,3.5833137
AGGTCCGCAAGCTGTT-1,8.061846,7.403935
AGGTCCGGTTAAGGGC-1,9.512512,1.9344102
AGTAGTCAGAGTACCG-1,5.152807,5.5832405
AGTCTTTAGACGCACA-1,7.2996063,6.1831927
AGTCTTTAGTGGTAAT-1,5.004297,4.7323155
AGTCTTTAGTTGTAGA-1,7.176256,5.611406
AGTCTTTTCGCGGATC-1,7.8329315,1.8134905
AGTCTTTTCTTCCTTC-1,6.1688786,4.7311983
AGTGAGGCAATGCCAT-1,8.9640875,-0.0138492575
AGTGTCAAGTCAAGCG-1,6.618898,5.6868205
AGTTGGTGTACATCCA-1,6.838905,5.134104
AGTTGGTGTCTGGAGA-1,7.4475217,3.458686
ATAACGCAGTCGCCGT-1,7.7767015,4.2466693
ATAACGCCAGCGAACA-1,5.454539,5.0985274
ATAACGCTCTGCAAGT-1,8.066448,2.3978262
ATAAGAGTCTCGAGTA-1,8.522071,2.5836756
ATAGACCGTCGTCTTC-1,7.572966,0.69955826
ATCACGAAGTGTGGCA-1,6.383467,4.408596
ATCCGAAGTGTCTGAT-1,8.143968,4.670712
ATCCGAAGTTCCCGAG-1,6.46603,5.449053
ATCCGAATCCGAACGC-1,6.3746867,5.385835
ATCGAGTGTAGGAGTC-1,8.261429,4.2288723
ATCGAGTTCGAGAGCA-1,8.397591,7.306636
ATCTACTAGACAAGCC-1,7.7564464,6.871456
ATCTACTGTACCTACA-1,7.3475766,3.154754
ATCTACTTCTTCATGT-1,6.4162183,4.5005574
ATCTGCCGTTGGTGGA-1,6.9986463,4.9121203
ATCTGCCTCACGAAGG-1,8.380451,3.4648008
ATGAGGGTCGTTACAG-1,6.1366897,4.7423067
ATGAGGGTCTTTCCTC-1,9.184939,2.2467146
ATGGGAGAGATTACCC-1,6.984538,4.5015054
ATGGGAGCAGGTCCAC-1,6.4641542,4.0075407
ATGGGAGGTAGCACGA-1,7.9016967,7.1142035
ATGGGAGGTATCACCA-1,8.443944,7.234349
ATGTGTGTCACGCGGT-1,8.910223,1.3657361
ATTACTCCACGGTAGA-1,9.004546,2.5980225
ATTATCCAGCTAACTC-1,5.7697825,4.3750777
ATTATCCTCTGTGCAA-1,5.795259,3.9471757
ATTCTACGTATTCGTG-1,6.255724,4.320649
ATTGGACCATCCGTGG-1,6.8509417,5.97653
ATTGGTGAGCAGACTG-1,8.520983,2.1685348
ATTTCTGCAGGTTTCA-1,6.016134,4.1775403
CAACCTCCACGCATCG-1,6.056002,5.4453235
CAACTAGGTCTGCCAG-1,6.361111,5.0460668
CAAGATCCAAGACGTG-1,9.354597,2.402571
CAAGATCGTATATGAG-1,9.199125,7.587827
CAAGATCGTTGTACAC-1,7.779563,1.8079876
CAAGATCTCACGCATA-1,7.7530603,6.707013
CAAGGCCAGACCGGAT-1,9.157752,2.1977813
CAAGGCCAGTTCGCAT-1,5.5121117,4.2814126
CAAGGCCGTCGCGAAA-1,6.661029,4.7870903
CAAGTTGGTCATGCCG-1,7.076901,4.7384725
CACAAACAGTACATGA-1,6.6942787,3.1394594
CACAAACCACTTCGAA-1,5.114627,5.905478
CACAAACGTCCGAGTC-1,9.287449,2.4274445
CACACAAAGTTGTAGA-1,8.557883,2.3273785
CACAGGCCACAAGTAA-1,8.533976,6.185367
CACAGTACAGCTCGCA-1,8.909271,0.546974
CACATAGCAGCCTATA-1,8.234271,2.2508693
CACATAGTCCAGTATG-1,7.670134,6.3817883
CACATTTCAAGACACG-1,5.8186994,5.2226996
CACATTTGTTGATTGC-1,10.183574,1.8246801
CACCACTCATGTAAGA-1,8.370962,5.5602007
CACCTTGCAATGACCT-1,7.3690877,6.1612387
CACCTTGTCTCAAACG-1,8.717548,2.0008132
CACTCCAAGTACGTAA-1,7.796844,2.056769
CACTCCATCTTAGCCC-1,9.289018,8.831088
CAGAATCTCCCAACGG-1,7.901913,7.1845427
CAGAATCTCTGGTGTA-1,8.912763,2.6069007
CAGAGAGGTGCATCTA-1,7.5038652,0.7847139
CAGATCACAGGTGGAT-1,6.6309605,4.976774
CAGATCAGTAAGTTCC-1,8.400272,7.6223693
CAGCCGAAGTGAAGTT-1,8.279577,5.186564
CAGCCGAGTAGGCTGA-1,8.695955,3.740122
CAGCCGATCCACTGGG-1,6.3894362,5.013816
CAGCGACAGACATAAC-1,5.892999,5.104801
CAGCGACCAAGCGCTC-1,7.5155168,4.9219337
CAGCGACGTCACCCAG-1,8.955697,0.011142705
CAGCTGGCAACTGCGC-1,7.6086526,0.7914419
CAGGTGCAGACAGAGA-1,9.151886,1.117536
CAGGTGCAGGCAAAGA-1,8.1644945,7.4720225
CAGGTGCCAGATAATG-1,5.8896937,5.5778103
CAGTAACCACTAGTAC-1,6.6392775,3.6651282
CAGTAACTCCGTCATC-1,5.2240376,5.608459
CAGTCCTAGATCCTGT-1,7.557669,2.164771
CATATGGCACTGTTAG-1,7.382698,3.7463763
CATATGGTCCCGGATG-1,7.518069,4.99887
CATATTCAGCTAACAA-1,8.333005,7.283005
CATATTCAGTGTCCCG-1,15.307504,8.372167
CATCCACGTCGAGTTT-1,8.436478,1.9628013
CATCCACGTTCACCTC-1,7.6680436,5.710474
CATCGAATCCACGACG-1,5.965484,3.7670367
CATCGGGAGGACGAAA-1,10.420902,5.4416738
CATGACAAGAGGTACC-1,5.4732485,4.7730412
CATGACACAATGGATA-1,7.3653574,5.3010116
CATGCCTTCTGACCTC-1,9.2693615,8.934088
CATTATCAGCAGACTG-1,7.848349,6.4602704
CATTATCGTTCACGGC-1,7.8006797,4.0728664
CATTCGCCATGCAACT-1,6.691385,4.564089
CATTCGCGTAGAGCTG-1,6.6428604,4.979112
CATTCGCTCGTCGTTC-1,9.706033,1.8964223
CCAATCCCAGCCTTGG-1,6.304938,4.75984
CCAATCCGTTAAGATG-1,7.544673,6.7161674
CCAATCCTCCGTACAA-1,6.227375,3.830826
CCACCTAAGCTCCTCT-1,5.9835553,3.3152394
CCACCTACACCGCTAG-1,6.3172407,3.405933
CCACCTACATGGATGG-1,7.8628488,6.760901
CCACCTAGTATCAGTC-1,5.2836637,5.200956
CCACGGACAGCTGCTG-1,8.844241,3.1737094
CCACTACAGACAGGCT-1,6.9768558,3.107135
CCACTACGTTATCGGT-1,5.9258175,3.0375285
CCACTACTCAAACGGG-1,6.431023,3.2281775
CCACTACTCTCCAGGG-1,5.116976,5.4155664
CCAGCGAAGTCCATAC-1,4.9158473,5.0231338
CCATGTCAGTCCAGGA-1,15.274493,10.13481
CCATGTCCAGTTCCCT-1,8.531225,4.493576
CCATGTCGTTATTCTC-1,8.437905,6.0132184
CCATTCGCACATGGGA-1,8.164964,6.3040586
CCATTCGCAGATCCAT-1,6.1536717,5.3052278
CCCAATCTCATAGCAC-1,6.716054,4.7368817
CCCAGTTGTTAAGACA-1,7.2806807,3.1979566
CCCATACAGGAGTCTG-1,7.559133,0.65156066
CCCTCCTAGCCTCGTG-1,8.439758,7.5041523
CCCTCCTCAATGGAGC-1,7.424919,5.506073
CCGGGATTCAAGGCTT-1,5.9004183,5.1121755
CCGGGATTCTACGAGT-1,5.0240254,5.118467
CCGGGATTCTCGTATT-1,5.047521,4.7092037
CCGGTAGAGTACATGA-1,10.070613,1.9579693
CCGGTAGTCTGAGTGT-1,8.457549,3.4112823
CCGTGGACAGAAGCAC-1,7.1281343,6.2498274
CCGTTCACACAGCGTC-1,9.558487,8.95152
CCTACACGTTTGTTGG-1,5.709774,5.585832
CCTACACTCGTACGGC-1,5.8544745,3.4838927
CCTACCAAGGATATAC-1,9.2929735,1.8375438
CCTACCAAGGTAGCTG-1,7.389631,3.8996658
CCTAGCTAGTTCGCAT-1,7.6713,5.620189
CCTAGCTGTAAGGGCT-1,7.1716933,5.2086153
CCTCAGTTCCTTTCTC-1,6.227712,3.643889
CCTCAGTTCTGCGTAA-1,5.677955,4.674004
CCTTACGGTCGAGTTT-1,6.1691914,4.3571243
CCTTACGTCGTGACAT-1,5.413186,4.9519324
CCTTCCCAGCGAAGGG-1,8.568006,1.7391727
CCTTTCTAGAAACGCC-1,6.6409187,4.801225
CCTTTCTCATGACGGA-1,6.72301,5.953538
CGAACATCACCCAGTG-1,6.510762,5.2517653
CGACCTTAGTGTACCT-1,5.663064,3.5896914
CGACTTCCAGCGATCC-1,9.046378,0.31203318
CGAGAAGAGCCAGTTT-1,9.061943,0.094758034
CGAGCCAAGGATCGCA-1,9.025508,-0.01709332
CGATGTAAGATCGATA-1,8.577888,2.9925056
CGATGTAAGCGATTCT-1,8.889689,2.5495286
CGATGTACATTCCTGC-1,6.3640504,2.9113352
CGCCAAGAGGGCTCTC-1,5.1910834,4.959722
CGCCAAGTCATAGCAC-1,5.9712377,4.73682
CGCCAAGTCTTCGAGA-1,8.307627,2.8234708
CGCGGTAAGGCCATAG-1,9.412406,1.9047484
CGCGGTAAGTCGTTTG-1,7.4898624,3.686006
CGCGTTTAGAAACCTA-1,6.8737354,4.7866955
CGCTATCCAGATGGCA-1,9.089259,3.8828619
CGCTGGAAGAAGGTTT-1,5.938611,5.2810507
CGCTGGAAGCTAGTTC-1,7.3911695,4.6552277
CGCTGGACACCCTATC-1,7.0416613,2.6515477
CGCTTCAGTTATGCGT-1,6.242803,4.115973
CGCTTCATCGCCTGTT-1,7.7185855,4.963595
CGGACACCAAACCTAC-1,9.8435755,2.2256556
CGGACACCAGCGTTCG-1,8.0585375,4.064274
CGGACGTTCTTAGCCC-1,7.233142,2.8813603
CGGACTGAGTCAAGCG-1,7.5441213,3.3072894
CGGACTGCATAAAGGT-1,6.929513,5.4022417
CGGAGCTTCTGCGGCA-1,8.988774,0.6351805
CGGAGTCAGATGTCGG-1,9.092725,0.23191342
CGGAGTCTCCTTGGTC-1,8.660557,1.8492699
CGGCTAGAGATCGGGT-1,5.2549396,4.8311634
CGGGTCATCCGTACAA-1,6.8818936,6.3697104
CGGGTCATCGGATGGA-1,9.061412,0.38216484
CGGTTAATCGTAGGAG-1,7.954402,3.0039675
CGTAGGCGTGAGGGAG-1,6.5229793,5.176268
CGTCACTGTCAGAGGT-1,6.274682,4.18273
CGTCACTGTTTAGCTG-1,6.5916862,3.4939847
CGTCACTTCCAGATCA-1,6.7301474,4.150641
CGTCTACAGTTTGCGT-1,7.717446,3.1629312
CGTGAGCCAATGTTGC-1,8.412703,6.2608066
CGTGTAATCATCGATG-1,9.178209,2.2236414
CGTGTCTGTACAGACG-1,8.290499,1.814506
CGTTAGACAAGGGTCA-1,7.133861,4.346688
CGTTAGAGTAAGGATT-1,7.414754,6.352875
CGTTAGATCCACTCCA-1,7.079703,2.943246
CGTTCTGAGCCCGAAA-1,7.8363676,2.9461708
CGTTCTGGTCCTGCTT-1,7.5142117,5.1626344
CGTTGGGCATTGGCGC-1,7.3387046,5.64057
CGTTGGGGTATCACCA-1,5.732487,4.825058
CGTTGGGTCACCGTAA-1,7.2547,5.2398486
CTAACTTCAGCCACCA-1,8.326783,2.546528
CTAAGACAGAAACCAT-1,6.1381936,5.5731015
CTAAGACCAATTGCTG-1,5.946051,2.8491836
CTAAGACTCAAACCAC-1,8.589467,7.7940187
CTAAGACTCGAATGGG-1,7.546578,5.5813236
CTAATGGGTATAGTAG-1,8.123422,2.2240016
CTAATGGTCAGCGATT-1,8.819257,2.0696216
CTAATGGTCCTCATTA-1,6.055757,5.5191097
CTACACCAGTGGTAAT-1,5.44528,5.887997
CTACACCAGTTGTCGT-1,6.0320563,5.143592
CTACACCCATCTCCCA-1,7.1880927,3.8440123
CTACCCATCACATACG-1,8.804511,7.6703935
CTACGTCCATGAACCT-1,8.199168,4.749345
CTACGTCGTAACGACG-1,6.5550714,4.0240707
CTAGAGTAGTGTCTCA-1,9.4789915,9.059265
CTAGCCTCAATCTACG-1,6.270667,3.6283636
CTAGCCTTCACTCCTG-1,7.8905005,5.1508946
CTAGTGACATCGATGT-1,9.113583,1.1967734
CTAGTGAGTTGTGGCC-1,7.976562,7.3072886
CTCACACCAGATCTGT-1,8.623296,1.5589089
CTCATTATCGGTCTAA-1,7.8361096,3.5178332
CTCCTAGAGACCTAGG-1,8.962397,2.2022915
CTCGAGGAGTGAAGAG-1,6.0630326,4.493286
CTCGGAGAGTGTGGCA-1,7.311765,3.5683365
CTCGGGAAGACCTAGG-1,8.360544,2.8626168
CTCGGGAAGCTGATAA-1,4.840655,5.719934
CTCGTACAGACCTAGG-1,9.166475,2.348915
CTCGTACGTTGTCTTT-1,6.0778985,3.6925719
CTCTGGTAGATCGGGT-1,7.0160737,6.136349
CTCTGGTAGTTGAGAT-1,8.653596,2.075363
CTGAAACAGCCGGTAA-1,5.5653453,5.614347
CTGAAACCATGCCCGA-1,8.111194,7.017338
CTGAAACTCAAACCAC-1,8.59294,2.6042395
CTGAAGTCAAACTGCT-1,5.3131557,4.1507387
CTGAAGTTCGCTGATA-1,9.041872,0.3746191
CTGAAGTTCTGATTCT-1,9.746506,1.5855966
CTGATAGAGTCGTACT-1,7.6683083,5.121414
CTGATCCAGGTGCACA-1,7.4214635,5.650236
CTGGTCTGTACATGTC-1,6.4342504,3.941507
CTTAGGAGTTCACCTC-1,7.5418797,5.2348247
CTTAGGATCGTCGTTC-1,8.334478,7.253133
CTTCTCTAGGTAAACT-1,7.027143,4.2329903
CTTCTCTGTACCGTAT-1,9.227585,2.9438863
CTTCTCTGTCTTCGTC-1,5.3878274,3.708779
CTTGGCTCACATGTGT-1,7.2432737,3.9447465
CTTTGCGCAAGTAATG-1,6.9787045,6.1709986
CTTTGCGTCATGCAAC-1,9.290873,1.3203368
CTTTGCGTCTAACGGT-1,5.0274878,5.409648
GAAACTCAGAGGACGG-1,8.637997,7.5109353
GAAACTCCATGCCCGA-1,8.047735,2.4083607
GAAACTCGTCGTCTTC-1,7.9689016,4.8178797
GAACATCTCAGATAAG-1,7.9288135,6.486703
GAACATCTCCAAGTAC-1,7.713282,1.8837656
GAACCTAAGAGACTTA-1,6.6423664,5.260023
GAACCTAAGTAATCCC-1,5.655101,5.762296
GAACCTATCAGCTTAG-1,5.044216,3.9805465
GAAGCAGAGTGGTCCC-1,6.13326,4.587042
GAATAAGTCACTGGGC-1,6.74167,4.678425
GACACGCTCAACTCTT-1,7.6550736,1.9774115
GACAGAGAGACTAAGT-1,5.240662,3.6294894
GACAGAGAGACTTTCG-1,8.457952,6.986614
GACAGAGCACTAGTAC-1,7.618761,3.4674113
GACAGAGGTGTCAATC-1,5.185523,5.7661633
GACAGAGTCCTTTACA-1,7.5852776,1.8027419
GACCAATCAGTGGAGT-1,5.9717407,5.382212
GACCTGGAGTGAAGTT-1,7.325968,5.8326936
GACCTGGGTTTAGCTG-1,6.09057,2.9377515
GACCTGGTCTACCTGC-1,8.130284,2.1526775
GACGCGTAGTTGAGAT-1,10.187462,1.739137
GACGGCTTCACAATGC-1,7.803159,7.040649
GACGTGCCAGTAAGAT-1,4.952402,5.285901
GACGTGCGTTAAGATG-1,5.0222297,4.6665425
GACGTGCTCCAAAGTC-1,8.0206585,7.156919
GACGTTAAGGATGTAT-1,7.81369,2.8364823
GACGTTAGTGAGGGTT-1,8.085691,2.5752711
GACTACAAGTCACGCC-1,7.0913796,4.4492273
GACTACACAGGCAGTA-1,7.4707265,5.5231514
GACTACAGTAAGGATT-1,5.739033,3.678901
GACTGCGCAGGGAGAG-1,7.651331,2.693685
GAGCAGAAGGCTAGGT-1,5.9919453,5.034499
GAGCAGACAAGGCTCC-1,5.4362545,3.6270592
GAGGTGAGTGTAACGG-1,6.4903626,5.2488117
GAGGTGATCTTGACGA-1,7.72458,3.5816565
GAGTCCGGTTCCATGA-1,7.7421727,2.9637218
GATCAGTGTCAGAAGC-1,5.1239915,4.0145135
GATCGCGCACGAAACG-1,9.073946,3.0805192
GATCGCGGTGACGCCT-1,6.5631557,5.202204
GATCGCGTCTATGTGG-1,9.524099,8.7284975
GATCGTATCGGATGTT-1,8.993122,2.0695634
GATCTAGCACATGACT-1,9.074283,0.34097457
GATGAAACACCCATGG-1,5.4169197,4.472249
GATGAAAGTACTTCTT-1,8.78702,7.472257
GATGAGGAGCGTCAAG-1,9.145673,3.455732
GATGAGGAGTACTTGC-1,9.408724,1.8554819
GATGCTACAGCATACT-1,6.9907784,5.7537036
GATTCAGCACTTAAGC-1,7.9704933,5.2292295
GCAAACTTCGTCACGG-1,6.518222,5.6223125
GCAATCACACCTTGTC-1,6.8494577,4.1128383
GCACATATCTCGCATC-1,7.4580855,0.83923906
GCACTCTAGACGCTTT-1,5.9058685,3.940698
GCACTCTAGAGCTGGT-1,5.1663227,4.3648844
GCACTCTAGTGCCAGA-1,8.987089,3.0190442
GCACTCTCATGCCTTC-1,7.8104305,6.314118
GCAGCCACATTACGAC-1,5.0749397,5.5019946
GCAGTTAAGTGTTTGC-1,8.302067,1.5605725
GCATGATTCAACCAAC-1,8.062437,3.444378
GCATGCGAGCGATTCT-1,6.8465996,4.132843
GCATGCGAGTGACATA-1,7.77764,3.3808737
GCATGCGGTATCACCA-1,6.1997356,3.0548272
GCATGCGTCGCATGGC-1,8.406819,7.4432454
GCATGCGTCGTTACAG-1,7.5435066,3.0947313
GCATGTAAGACCCACC-1,6.591265,4.0648165
GCATGTAAGCCCTAAT-1,5.1491094,4.506235
GCATGTAAGTGGTCCC-1,11.977721,4.968429
GCATGTACACGAGAGT-1,7.4221663,3.2708712
GCATGTAGTACAGACG-1,6.885359,3.731865
GCATGTAGTTACGACT-1,7.7192287,2.8955412
GCCAAATGTGGACGAT-1,6.4024024,5.919929
GCGACCAGTAAATACG-1,8.762692,7.8085318
GCGAGAACATGGTCAT-1,8.05576,1.7481159
GCGCAACAGACTGGGT-1,9.006717,2.7737575
GCGCCAAAGAAGATTC-1,7.9231577,6.264685
GCGCCAATCTTTAGTC-1,8.315995,3.3928597
GCGCGATGTATAAACG-1,6.5161643,3.5138824
GCTCCTAGTGTGGCTC-1,6.243616,5.2934465
GCTCTGTGTTACGGAG-1,9.049604,-0.03818381
GGAAAGCAGAGAACAG-1,6.280093,5.6983166
GGAAAGCAGATGGGTC-1,9.146906,1.5831523
GGAACTTAGCCACCTG-1,9.528145,2.0792422
GGAACTTGTCAGAATA-1,8.89042,7.888644
GGAACTTTCTGAGTGT-1,8.964194,-0.099298894
GGAATAAAGGTAGCTG-1,6.499927,5.113362
GGAATAAAGTTATCGC-1,7.7626576,6.1955233
GGACAAGCACCACGTG-1,7.4653463,3.6068454
GGACAAGTCTTTAGGG-1,8.785007,7.9246926
GGACATTAGCCAGAAC-1,6.6863174,5.9604897
GGACATTGTAGCTGCC-1,5.9807925,5.900542
GGACATTTCAGTTAGC-1,10.327168,1.8571314
GGACATTTCGTCACGG-1,9.244015,7.1211767
GGAGCAAAGACTACAA-1,8.978821,0.009792054
GGAGCAAGTATCTGCA-1,9.058032,-0.08131984
GGAGCAATCTGCTGTC-1,7.6441007,4.287776
GGATGTTCAAGCGTAG-1,5.302706,4.572799
GGATGTTCAATGGTCT-1,6.2975817,4.8335614
GGATGTTTCTTATCTG-1,5.52584,3.1589696
GGCAATTGTAAATGTG-1,6.0907106,4.3135743
GGCGACTCATGATCCA-1,7.39445,2.1891503
GGCGACTGTTCCACAA-1,5.1429753,4.392121
GGCGTGTCATATACCG-1,7.5096445,6.3730206
GGCTCGAAGTGATCGG-1,8.34076,3.2443185
GGCTCGAGTGGCGAAT-1,8.875749,2.9127326
GGCTCGATCAAGGTAA-1,8.312726,3.0489902
GGCTCGATCACAAACC-1,8.859255,1.515709
GGCTGGTGTGCGCTTG-1,8.492677,2.447759
GGGACCTCATCGGAAG-1,6.5002866,4.5996137
GGGAGATAGTGCCAGA-1,8.552478,3.2271762
GGGATGAGTAAAGTCA-1,5.5811267,4.535295
GGGATGATCAGCCTAA-1,9.2069845,3.8207824
GGGCACTAGTCTTGCA-1,7.6706676,4.9159617
GGGCATCAGGAGTAGA-1,7.7656665,5.8202586
GGGCATCAGGTGCAAC-1,7.439606,0.7361375
GGGCATCTCTCGAGTA-1,9.097293,0.9232316
GGGCATCTCTGCGGCA-1,7.744159,4.4063973
GGGTCTGTCTCTGTCG-1,15.095921,10.019267
GGTATTGAGGTCGGAT-1,7.627066,2.3111427
GGTATTGAGTGCCAGA-1,7.25746,4.605088
GGTATTGCATGAAGTA-1,8.65342,1.8676279
GGTATTGGTAACGTTC-1,8.478803,2.5948668
GGTATTGGTGGCCCTA-1,8.536392,4.32639
GGTATTGGTGGTCTCG-1,7.750802,2.983721
GGTATTGGTTACGCGC-1,5.4913845,4.9932804
GGTATTGGTTTAAGCC-1,4.739051,5.701715
GGTGAAGAGTACGTAA-1,8.270277,7.042807
GGTGAAGCAAGCTGGA-1,7.8000655,6.0166254
GGTGTTATCGTTTATC-1,7.694884,5.659772
GTAACTGTCCGCGTTT-1,6.922415,3.9725409
GTACGTAGTATATCCG-1,8.55097,1.9121268
GTACTCCAGTACGTTC-1,6.741977,3.3582911
GTACTCCGTGTTGGGA-1,9.009935,0.21617916
GTACTCCGTTCTGAAC-1,7.012976,3.224369
GTACTTTTCTGAAAGA-1,10.05574,8.149991
GTATCTTAGCAGGCTA-1,5.5781517,5.431775
GTATCTTCAAGCCTAT-1,5.805126,4.109869
GTATCTTCATCCGTGG-1,7.974151,2.3612156
GTATTCTAGGATGTAT-1,9.272187,8.604605
GTATTCTGTAACGCGA-1,7.995663,6.7998443
GTATTCTGTGAAAGAG-1,9.532581,9.081178
GTCAAGTAGTGTACGG-1,8.399121,2.1715484
GTCAAGTTCGGCGGTT-1,8.435052,7.4230247
GTCACAAAGCCAGTTT-1,6.320566,5.851926
GTCACGGAGTCAATAG-1,8.10097,6.6394844
GTCACGGAGTTGAGAT-1,7.8710012,2.5250945
GTCATTTGTCTCAACA-1,5.418542,5.748022
GTCCTCAGTCTAGCGC-1,6.257593,3.0635831
GTCGGGTCAGGCAGTA-1,5.8763103,5.77978
GTCGGGTGTTGCGTTA-1,8.576017,7.467366
GTCGTAAAGCTTTGGT-1,5.3636284,5.571636
GTCGTAAAGGGATACC-1,10.244954,2.0954232
GTCGTAAAGTGCCATT-1,6.6745443,3.1369824
GTCGTAATCTTCTGGC-1,8.218409,2.7280257
GTCGTAATCTTGTCAT-1,7.413102,4.3632193
GTGCAGCAGTGGAGTC-1,5.6433945,5.863742
GTGCAGCCATGTTGAC-1,15.066036,8.869601
GTGCATAAGCTGCAAG-1,8.733802,7.536194
GTGCATACAATAGCGG-1,7.900432,4.045225
GTGCTTCCACGGACAA-1,5.657855,4.53279
GTGCTTCTCATCACCC-1,7.760876,2.2248266
GTGCTTCTCCCAACGG-1,7.630396,4.6046987
GTGGGTCCATGTAAGA-1,7.298663,4.829658
GTGTGCGAGGTGCTAG-1,7.9132338,2.84061
GTGTGCGGTTACCAGT-1,5.740909,5.8715005
GTTAAGCCACAGTCGC-1,5.3857617,5.638963
GTTACAGAGCACGCCT-1,6.1804457,4.747104
GTTACAGCACTCAGGC-1,7.3786345,6.7656984
GTTACAGGTTGGAGGT-1,6.638959,5.865652
GTTACAGTCAAAGACA-1,9.57418,1.8705676
GTTCATTAGAGTAATC-1,6.886714,4.9200435
GTTCGGGCACGTCTCT-1,9.036068,0.7015591
GTTCTCGAGATGCCTT-1,5.5431056,5.6939125
GTTCTCGAGTGAATTG-1,5.640477,4.760342
GTTCTCGGTGCTCTTC-1,6.9319005,5.843081
TAAGAGAAGTTTGCGT-1,7.261942,2.410253
TAAGAGATCCGCGCAA-1,9.267326,2.5946841
TAAGCGTTCTGCAAGT-1,7.4825406,3.1268077
TAAGTGCTCCCTTGTG-1,8.748433,7.5289183
TACAGTGCATCTCCCA-1,7.899786,2.2694838
TACCTATCAAATACAG-1,7.241901,6.5900097
TACCTATTCACAATGC-1,6.1881,6.1208215
TACCTTAGTCTCTTTA-1,8.61401,7.1285987
TACCTTAGTGTTTGGT-1,4.764885,5.443094
TACGGGCAGTAGGCCA-1,7.656067,1.6413544
TACGGGCCATGGTCAT-1,8.901186,8.432023
TACGGGCGTAAGGATT-1,7.4130316,6.312689
TACGGTACAAGCCGTC-1,7.1293054,5.001532
TACGGTATCCGTTGCT-1,8.674412,3.194296
TACGGTATCGCGTAGC-1,7.7342854,3.6259854
TACGGTATCTATCCTA-1,5.4517198,5.4435153
TACTCATAGATCCCAT-1,6.7914968,3.9983501
TACTCATGTGTCAATC-1,5.950037,4.3685827
TACTCATGTTAGTGGG-1,7.1411395,5.400083
TACTTACAGCTGTTCA-1,6.4749937,6.1605363
TACTTACAGTACTTGC-1,8.220068,6.3029847
TACTTACCAGACGCTC-1,9.30274,8.732109
TACTTACTCATTATCC-1,10.16445,1.8665626
TACTTACTCGCTTAGA-1,8.627398,2.9786308
TACTTGTGTTAAAGAC-1,9.351332,2.5423553
TAGACCATCCAGATCA-1,6.9719677,5.878302
TAGACCATCTGGTGTA-1,6.4068565,3.528228
TAGGCATCAGCTGTGC-1,9.26824,2.0748332
TAGTTGGAGAGTAATC-1,8.459449,2.6362815
TAGTTGGAGCTAAGAT-1,4.695152,5.7838907
TAGTTGGCACCAGCAC-1,9.575697,2.4003358
TAGTTGGGTTAAAGTG-1,6.834947,2.745107
TATCAGGAGCCCTAAT-1,6.8706527,5.8206973
TATCAGGGTCTAGTCA-1,6.791593,3.3668096
TATCAGGGTGCAACTT-1,8.234648,7.657035
TATCAGGTCTCCTATA-1,8.018624,7.3748217
TATCTCACAAGTAGTA-1,6.427475,3.4941454
TATCTCACAGAGCCAA-1,9.755408,2.6827831
TATCTCAGTCTTCAAG-1,8.610659,8.094097
TATGCCCGTCCTCTTG-1,5.428575,5.8546534
TATGCCCTCAGCTGGC-1,9.172861,0.99203926
TATTACCTCACTCTTA-1,5.9744363,4.6366177
TATTACCTCCTAAGTG-1,10.1163435,1.9754115
TCAATCTAGGAACTGC-1,8.08016,2.08081
TCACGAAAGCAATATG-1,8.074987,1.9369459
TCACGAAAGCTGAACG-1,9.159738,-0.21090604
TCACGAATCTCCTATA-1,4.9851403,5.332992
TCACGAATCTGGTTCC-1,6.5020328,3.2895162
TCAGCTCGTCGTGGCT-1,12.682999,7.455368
TCAGGATAGAGCAATT-1,6.170356,4.569523
TCAGGATAGGACCACA-1,7.355891,4.951172
TCAGGATCAAAGGAAG-1,5.002809,5.3206997
TCAGGATGTTCTGTTT-1,8.899336,0.81080234
TCAGGTACATCATCCC-1,8.252,3.542117
TCATTACAGACAATAC-1,5.0576434,4.3012695
TCATTACCAGTGACAG-1,9.643253,9.030431
TCATTACTCAAACGGG-1,6.275274,5.8258147
TCATTTGCAATGTAAG-1,7.6978936,3.3182194
TCGAGGCTCAACGGCC-1,8.292279,1.7013824
TCGCGTTAGAGCTATA-1,9.153815,2.5662298
TCGCGTTCAAGCTGAG-1,6.632624,3.6171417
TCGGGACAGAATGTTG-1,8.061962,1.6837938
TCGGTAACATGCGCAC-1,5.2441382,4.8264694
TCGTACCAGGATTCGG-1,7.446817,4.4733553
TCGTACCAGTATCTCG-1,8.104964,3.6175108
TCGTACCCAGTGACAG-1,8.749694,2.2763321
TCTATTGCAGTGGGAT-1,5.3021517,3.5521433
TCTATTGGTTTAAGCC-1,5.5420203,3.3201041
TCTCATAAGTGTCCCG-1,5.185365,5.6866302
TCTCATAGTGAGTATA-1,6.7913294,3.1014001
TCTCATAGTTATTCTC-1,7.658311,2.0968304
TCTGAGATCCGTAGTA-1,7.8096533,4.979168
TCTGGAAAGGCCGAAT-1,8.85578,2.9805374
TCTGGAACAGTAGAGC-1,8.036058,5.7636156
TCTTCGGTCCTAGGGC-1,7.0512094,3.3796322
TCTTTCCAGCGATTCT-1,9.484048,2.3696408
TCTTTCCAGCTATGCT-1,9.234285,1.6660994
TGAAAGACACTCTGTC-1,6.7899537,4.758893
TGAAAGATCACTTATC-1,8.801186,3.006156
TGAAAGATCCTCGCAT-1,8.332741,4.0387163
TGACAACGTTCTGGTA-1,8.032749,7.462987
TGACGGCAGGAATCGC-1,10.557383,2.467973
TGACGGCTCACCACCT-1,10.019659,2.3357027
TGACTAGGTTCGGGCT-1,6.268681,5.8101306
TGACTTTAGGAATCGC-1,9.092792,1.8535551
TGACTTTGTTGCTCCT-1,7.7827287,1.9177277
TGAGAGGAGTGTCCAT-1,5.9253826,5.4286027
TGAGCCGAGGGCATGT-1,5.18842,4.5879436
TGAGCCGCACGGCTAC-1,15.070084,10.468184
TGAGGGAAGCGTAATA-1,7.178869,6.347864
TGCACCTAGGCTAGGT-1,8.32553,7.4220676
TGCACCTCACGGACAA-1,7.3250546,5.9252353
TGCACCTCAGGGTACA-1,9.16543,1.7210835
TGCACCTGTTGTGGCC-1,7.5315456,1.5542393
TGCCAAACAAGGACTG-1,5.041435,5.5833917
TGCCAAATCTAACTCT-1,7.5687585,0.8457921
TGCCAAATCTTGAGGT-1,9.047076,2.675427
TGCCCATGTCATGCAT-1,5.1330214,5.4728518
TGCCCATTCAGAAATG-1,10.195015,1.7486098
TGCCCTAGTGTGAATA-1,8.151676,7.531667
TGCGCAGCAGTCACTA-1,7.567986,5.978653
TGCGGGTTCGAGGTAG-1,8.195284,7.5020027
TGCGTGGAGCGATTCT-1,7.460492,5.8868556
TGCGTGGAGTCGCCGT-1,7.539139,5.830058
TGCGTGGCATGCAACT-1,7.9348345,5.1373687
TGCGTGGTCAGGCAAG-1,9.11776,2.2368765
TGCTGCTCAATCACAC-1,5.230286,4.6860323
TGGACGCAGCGTGTCC-1,7.5871572,6.496704
TGGACGCCATCGGGTC-1,9.218906,8.669547
TGGCCAGAGATATGCA-1,9.120271,2.1419778
TGGCCAGTCAAGGTAA-1,8.335272,1.5796765
TGGCGCATCATCGATG-1,7.651759,6.250921
TGGCGCATCTACTATC-1,8.574118,2.3618846
TGGCTGGAGGTGTTAA-1,6.026088,5.678328
TGGCTGGTCTACTATC-1,5.851587,3.3398895
TGGTTAGCACGTGAGA-1,8.092508,7.485572
TGGTTAGCATGGTTGT-1,7.0172873,3.354699
TGGTTAGTCGATCCCT-1,8.355646,1.7977189
TGGTTCCCAGACGCTC-1,7.7056913,6.650132
TGTATTCTCAGCACAT-1,7.713605,2.8438091
TGTCCCAGTGTGCCTG-1,9.215653,8.837368
TGTGGTATCGCGCCAA-1,8.73606,3.638714
TGTGTTTAGACAAGCC-1,7.2026477,2.460972
TGTGTTTGTAAGAGGA-1,7.355692,6.3359575
TGTGTTTTCATTGCGA-1,8.824376,1.7720747
TGTTCCGAGATCCTGT-1,5.345976,4.0919333
TGTTCCGGTCATGCCG-1,8.100401,7.51988
TGTTCCGGTTGGACCC-1,8.172786,2.3910818
TTAACTCGTGCTCTTC-1,6.2020226,4.608224
TTAACTCTCAAGCCTA-1,4.9087677,5.8701835
TTAACTCTCCAAACTG-1,6.613445,3.556996
TTAGGACGTAAGTTCC-1,17.389008,11.576492
TTAGGCAAGAATCTCC-1,9.19694,8.535292
TTAGGCAAGCCACTAT-1,7.095655,4.6943817
TTAGGCATCATCATTC-1,4.785304,5.67948
TTAGTTCCAACACGCC-1,7.0707254,5.403037
TTATGCTAGAAGCCCA-1,5.838653,5.4488425
TTATGCTAGGGTTTCT-1,8.677959,1.2384136
TTATGCTCAAGTTCTG-1,8.403163,2.9118285
TTATGCTCATATGCTG-1,8.8033495,3.753982
TTATGCTTCCTTAATC-1,5.445897,4.453185
TTCGAAGCACGGCCAT-1,5.694141,5.463357
TTCGGTCGTCTAGAGG-1,7.724677,4.3196263
TTCGGTCTCCAGGGCT-1,8.123952,7.765646
TTCTACAAGCAGGCTA-1,10.11024,8.696634
TTCTCCTAGCAGGTCA-1,5.371571,3.4183173
TTCTCCTGTGTTTGTG-1,7.6371746,6.5080743
TTCTCCTTCATACGGT-1,6.853514,2.7921834
TTCTTAGAGGGTATCG-1,7.166381,5.1640143
TTCTTAGAGTTATCGC-1,6.1677823,3.45784
TTCTTAGTCAGTTCGA-1,7.584494,6.520462
TTGAACGTCTCTAGGA-1,8.478838,7.676198
TTGACTTTCCGAATGT-1,8.716597,6.9415765
TTGACTTTCTCAACTT-1,8.257448,2.181986
TTGCCGTCATTCCTCG-1,7.6043305,4.6147823
TTGCCGTTCAGTCAGT-1,8.040484,3.9434242
TTGCCGTTCCTAAGTG-1,5.918439,3.94871
TTGCGTCTCAGCGATT-1,7.3753777,6.693922
TTGGAACTCCGTCATC-1,6.5629306,4.5000334
TTGTAGGCAGATGGGT-1,5.0081415,5.09033
TTTACTGGTAGCGTGA-1,7.129135,6.614369
TTTACTGTCGGCTTGG-1,6.49848,4.2694354
TTTATGCTCAACTCTT-1,7.343889,2.7223597
TTTATGCTCATGCTCC-1,6.109001,3.6854844
TTTCCTCTCTGCAAGT-1,5.30644,5.3916583
TTTGCGCTCCGTTGTC-1,5.502502,5.63654
TTTGCGCTCTTCATGT-1,5.6150727,3.869832
TTTGGTTGTATCACCA-1,4.9270473,4.7946844
TTTGTCACATTATCTC-1,9.077909,3.8991761
TTTGTCAGTCGGGTCT-1,5.851353,5.0279713
AAACCTGCAACTGCTA-1,13.408785,4.455669
AAACGGGCAGGACCCT-1,12.39261,8.0151415
AAAGATGCAAGAAGAG-1,10.3496475,9.362505
AAAGATGCAGTAACGG-1,11.7967825,4.6892023
AAAGATGCAGTCCTTC-1,15.714758,10.411054
AAAGCAAAGACTAGGC-1,13.177877,7.482342
AAATGCCAGCGCCTCA-1,13.254311,7.397429
AACACGTGTATTACCG-1,15.484671,8.40663
AACCATGGTCCCGACA-1,-9.451481,9.062037
AACCATGTCACAAACC-1,12.450916,4.793861
AACCGCGCACACCGAC-1,13.005126,3.2772644
AACCGCGGTAAGTTCC-1,12.752969,2.8869972
AACCGCGGTAGCTAAA-1,14.2966585,8.549616
AACCGCGGTCTTGATG-1,13.011686,7.625594
AACGTTGAGCTAGGCA-1,12.874409,2.9661472
AACGTTGCAGACAAGC-1,12.6161785,2.4531276
AACGTTGTCCGTAGTA-1,10.717847,5.409619
AACTCAGAGCCGTCGT-1,11.711797,2.4064474
AACTCCCAGGGAAACA-1,12.842829,3.3305633
AACTCTTAGAAACGAG-1,12.53422,4.1912866
AACTCTTGTTACGGAG-1,17.1269,10.372668
AACTGGTGTACTCGCG-1,12.689612,3.5041242
AACTGGTGTCCAAGTT-1,12.5336275,3.596622
AACTGGTTCACAACGT-1,12.386493,4.321282
AACTTTCTCGTCCAGG-1,12.950463,3.6531057
AAGACCTAGACACGAC-1,12.664295,5.0123386
AAGACCTCACATTAGC-1,17.14116,10.896717
AAGCCGCAGATGAGAG-1,14.960799,8.836045
AAGGAGCGTCATATGC-1,9.620067,10.293779
AAGGAGCGTCGAGATG-1,17.17098,9.567159
AAGGCAGAGGACGAAA-1,11.115601,1.6498729
AAGGCAGGTAAGGATT-1,10.925648,1.7405916
AAGGCAGGTCCAGTGC-1,10.121741,9.591019
AAGGCAGGTGGTAACG-1,17.022509,10.475739
AAGGTTCAGGCGACAT-1,11.660259,7.9974556
AAGTCTGCAATTCCTT-1,15.089361,9.35866
AAGTCTGCACCAGGTC-1,15.900114,10.153487
AATCCAGCAAGGGTCA-1,11.09476,1.6770359
ACACCCTAGGGTGTGT-1,15.891242,9.502306
ACACCCTCACATTAGC-1,13.325419,7.2774653
ACACCCTCATCTGGTA-1,16.8348,11.51238
ACACCGGGTTGGTTTG-1,11.885148,2.5952265
ACACTGACACCAGGCT-1,14.017597,8.9405365
ACACTGAGTTGTGGAG-1,10.617045,8.651706
ACAGCCGAGCCACGCT-1,15.1831665,9.176419
ACAGCTAAGTGGGATC-1,14.787119,9.858413
ACAGCTATCCAGGGCT-1,12.069028,2.9734054
ACAGCTATCGAGAGCA-1,13.24486,3.617445
ACATACGCAAGGTTTC-1,16.574692,11.614667
ACATACGCACCATGTA-1,11.015994,1.5992557
ACATGGTAGGTCATCT-1,11.58742,7.395109
ACATGGTTCCAACCAA-1,12.452352,8.103687
ACCAGTATCGCGCCAA-1,12.411443,2.4494512
ACCCACTGTACATCCA-1,15.034196,9.628801
ACCCACTTCTGTCAAG-1,14.813275,9.841834
ACCCACTTCTTGAGAC-1,11.365947,8.007523
ACCGTAACAACTTGAC-1,13.690077,3.6451828
ACCTTTAGTGTGAAAT-1,13.312584,4.493546
ACCTTTATCCCATTAT-1,16.768627,10.2456875
ACGAGCCTCGCTTGTC-1,15.618204,10.924094
ACGAGGATCATGTCCC-1,13.584412,3.1958666
ACGATACAGCATCATC-1,16.097301,9.180219
ACGATGTGTGCCTGTG-1,15.294249,9.049379
ACGATGTTCGGATGTT-1,12.017495,6.8847747
ACGCCAGAGATGTTAG-1,16.495947,10.304206
ACGCCGAGTGTCAATC-1,16.983774,10.600912
ACGCCGATCAATACCG-1,16.376545,9.3507185
ACGGAGATCGCGATCG-1,-9.535845,9.117414
ACGGGCTAGCGACGTA-1,11.717941,5.5360904
ACGGGCTGTCACACGC-1,11.239575,7.572446
ACTATCTAGGGAAACA-1,11.0317745,7.3460894
ACTGAACTCTTACCTA-1,12.462023,3.3519921
ACTGATGTCGGCGCTA-1,-9.502329,9.049065
ACTGCTCCAACCGCCA-1,11.282036,1.7975599
ACTGCTCCATTCACTT-1,11.365965,2.0399618
ACTGCTCGTACATGTC-1,12.585703,8.094021
ACTTTCAAGCGTGAGT-1,16.354773,9.733975
ACTTTCAAGGACCACA-1,17.322407,9.67206
ACTTTCATCCATGCTC-1,10.96878,7.359712
ACTTTCATCCGCAGTG-1,13.619158,3.4794695
AGAATAGTCGTTGCCT-1,13.326732,8.040206
AGACGTTCACATGACT-1,12.236626,5.0924535
AGACGTTTCCCGGATG-1,16.843681,11.718998
AGAGCGACAAGTAATG-1,-9.110066,8.270725
AGAGCGACATACGCTA-1,13.465022,4.0194874
AGAGCGACATATACCG-1,13.808304,4.1328793
AGAGCGAGTTCCACTC-1,12.31219,7.9593782
AGAGCGATCGTTACGA-1,10.0087385,9.324649
AGAGCGATCTTTACGT-1,11.793475,5.6692023
AGAGCTTCAACGCACC-1,14.543362,8.427304
AGAGCTTTCGCGGATC-1,14.281144,8.709711
AGAGTGGTCCTTAATC-1,16.776201,11.512743
AGATCTGGTTCCACAA-1,11.154474,7.7253265
AGATTGCAGAGACGAA-1,15.852004,9.418238
AGATTGCGTAGCTTGT-1,13.135192,2.8033125
AGCAGCCAGTAGCCGA-1,11.510232,2.2098248
AGCCTAAAGAATCTCC-1,13.817142,4.2457037
AGCCTAAAGCCAGTTT-1,13.364112,4.554832
AGCCTAACAGATTGCT-1,11.771398,3.2132769
AGCCTAAGTTTCCACC-1,11.095182,8.429397
AGCGGTCAGAGCTGCA-1,16.527967,9.780589
AGCGTATCATTCTTAC-1,-9.102591,8.27624
AGCGTCGAGCACAGGT-1,11.636389,7.5644493
AGCTCCTAGCATGGCA-1,15.639695,9.398763
AGCTCCTTCCCTAATT-1,16.071947,9.474841
AGCTCTCAGGGATGGG-1,10.950946,8.310841
AGCTCTCGTGTCTGAT-1,14.130556,8.235232
AGCTCTCTCACAATGC-1,12.747219,3.2896025
AGCTTGAAGAGAACAG-1,12.565559,7.1586213
AGGCCACGTGCGAAAC-1,17.042015,11.840947
AGGCCGTCACAGCCCA-1,15.895072,9.575159
AGGGAGTAGACAGACC-1,17.132645,11.937838
AGGGATGAGGGCATGT-1,13.555982,3.6994386
AGGGATGCACTTAACG-1,15.735617,8.8943815
AGGGATGGTCCAAGTT-1,10.463915,8.734425
AGGGTGAGTGACGGTA-1,16.009523,9.179927
AGGTCCGTCCGAATGT-1,14.412413,8.455886
AGTAGTCCACGAGAGT-1,12.402224,7.7394714
AGTCTTTTCGCTAGCG-1,11.97414,7.331653
AGTGAGGCAGGACCCT-1,15.012536,8.696055
AGTGAGGTCTTAGCCC-1,12.853653,2.5342138
AGTGGGAAGGATGGAA-1,15.616029,8.84031
AGTGGGACATTATCTC-1,12.879365,3.5536675
AGTGTCAGTTCGCTAA-1,12.185206,7.9737277
ATAACGCGTCAGAGGT-1,11.366287,1.9765856
ATAACGCGTTCGTTGA-1,11.544892,7.747479
ATAACGCGTTGTTTGG-1,15.165775,8.976126
ATAAGAGCAGATCGGA-1,17.002928,11.598879
ATCACGATCTTAACCT-1,9.689665,10.172893
ATCATGGAGCCCGAAA-1,10.917933,1.9498302
ATCCACCGTCAATGTC-1,16.102255,10.769643
ATCCGAAAGTTCGCAT-1,12.714383,4.248803
ATCCGAATCGAGAGCA-1,9.995728,9.350758
ATCTACTCAAGCCCAC-1,12.546846,4.1402183
ATGAGGGAGTATCGAA-1,12.560326,5.157532
ATGAGGGGTCTACCTC-1,11.634921,4.8505864
ATGTGTGTCGTACCGG-1,15.030593,9.225025
ATTACTCAGAGGTTGC-1,12.740859,7.9449005
ATTACTCTCCGCAAGC-1,11.257987,7.974604
ATTATCCCACATAACC-1,15.466288,10.468422
ATTGGACAGATGAGAG-1,16.675016,11.780389
ATTGGACTCACCTTAT-1,15.959329,9.862632
ATTTCTGCACGAGAGT-1,10.741775,8.205697
ATTTCTGGTTGATTGC-1,16.08597,8.599715
ATTTCTGTCTGTTTGT-1,13.19272,7.3412557
CAACCAACAATCCGAT-1,13.301732,2.8850086
CAACCAACACTTCGAA-1,12.186214,2.9079025
CAACTAGCACCTTGTC-1,-9.266324,8.345136
CAACTAGGTTTGACTG-1,10.709328,8.678691
CAAGAAACAATGACCT-1,9.706831,10.222525
CAAGAAACACGACTCG-1,15.988649,10.212743
CAAGAAACATCCCACT-1,12.331037,3.999323
CAAGATCAGGATGGTC-1,15.356302,9.813728
CAAGATCCAATACGCT-1,15.999971,9.333979
CAAGATCGTATCTGCA-1,16.5753,10.857378
CAAGGCCTCTTCATGT-1,15.947438,9.528798
CAAGTTGAGTAATCCC-1,14.976072,8.856407
CAAGTTGCACTTACGA-1,12.516822,8.265926
CAAGTTGTCCCGACTT-1,11.3507805,2.1889493
CACAAACCAAGCTGGA-1,14.212626,9.095122
CACAAACCACTGAAGG-1,13.539311,3.1361623
CACACAAAGTTACCCA-1,9.909352,9.615625
CACACCTCACGCGAAA-1,10.955383,5.3861046
CACACCTTCGACGGAA-1,11.621717,6.8643446
CACACTCAGCGATTCT-1,12.138979,3.9934137
CACACTCCACAGGTTT-1,11.375077,6.578642
CACAGGCGTAAATGAC-1,14.670441,8.41289
CACAGTAAGGGCTTGA-1,15.642085,9.11603
CACAGTACAGACTCGC-1,17.338861,11.223372
CACAGTAGTAAATGAC-1,15.233525,9.603383
CACAGTAGTCAAAGCG-1,12.99847,3.7081416
CACATAGCAAGCTGGA-1,13.244466,7.3956947
CACATAGCACACGCTG-1,16.14698,10.699179
CACATAGCACTGTTAG-1,11.500377,2.727427
CACATTTAGCCGCCTA-1,11.742816,6.4981513
CACATTTCATACTCTT-1,7.1289153,2.6888747
CACCACTAGATGAGAG-1,12.962426,4.5635033
CACCACTTCACTATTC-1,12.252908,8.270762
CACCAGGAGTACGACG-1,16.312893,11.238389
CACCAGGCACGAAAGC-1,16.17902,9.003013
CACCTTGAGACGCTTT-1,12.230184,4.3204875
CACCTTGGTTACTGAC-1,16.297606,11.323068
CACCTTGTCATCATTC-1,15.252124,10.637596
CACTCCACAAGAAAGG-1,16.786232,10.963375
CACTCCACAGGTGGAT-1,15.278564,9.865634
CACTCCACATGTAGTC-1,16.13041,10.266161
CAGAATCAGGCGACAT-1,13.231181,8.295481
CAGAATCTCGTACGGC-1,16.53831,9.542258
CAGAGAGCACATCCGG-1,16.485136,9.35272
CAGCAGCGTGTCCTCT-1,12.056094,5.6126723
CAGCAGCTCCATGCTC-1,11.040016,1.53482
CAGCATAGTACGACCC-1,12.627025,2.7658849
CAGCCGACAGACGCAA-1,-9.46618,9.031361
CAGCTAACAGCCTGTG-1,7.3867297,4.0166187
CAGCTAACATGTCCTC-1,11.828668,6.290784
CAGCTGGGTAAATGTG-1,16.994955,11.613485
CAGGTGCGTACGAAAT-1,11.227143,7.8499436
CAGGTGCTCCTTCAAT-1,15.445703,10.394113
CAGTAACAGTTATCGC-1,11.427119,8.036631
CAGTAACGTGCAGGTA-1,16.757,9.177243
CAGTAACTCATTCACT-1,13.946885,8.384945
CAGTCCTTCTTGTACT-1,14.374129,8.929335
CATCAAGAGCGTGTCC-1,17.352903,10.304326
CATCAGACATGCCACG-1,13.476802,3.3925846
CATCCACGTTCACCTC-1,-9.235805,8.454461
CATCCACTCATACGGT-1,11.082273,7.2543354
CATCGGGTCCAGGGCT-1,11.096395,8.328768
CATGACACAGATGAGC-1,15.614199,9.438303
CATGACAGTGTTTGTG-1,12.892683,4.3917894
CATGACATCCAGAGGA-1,16.155218,11.450745
CATTATCGTCAGGACA-1,15.356044,9.016551
CATTCGCGTCTGCCAG-1,13.88531,8.339505
CCACCTACAGCTCCGA-1,-9.301933,8.627736
CCACGGACAGAGCCAA-1,11.149665,1.884463
CCAGCGACAATGAATG-1,11.4053335,7.48813
CCAGCGACACAGCGTC-1,11.845214,2.899064
CCATGTCCATCCCACT-1,12.697748,4.948558
CCATTCGGTCTCATCC-1,14.685899,8.374838
CCCAATCTCACCACCT-1,16.200594,11.00705
CCCAGTTCAGGTCGTC-1,16.626661,9.296202
CCCAGTTGTTGACGTT-1,10.927581,1.6026839
CCCTCCTCACGCCAGT-1,13.491354,3.5597897
CCCTCCTCATCACGTA-1,12.1217785,2.897456
CCCTCCTGTTATCACG-1,11.535193,2.5160832
CCGGGATCAATGTTGC-1,12.963049,3.0114954
CCGTACTTCTGCGACG-1,13.2769165,7.3565445
CCGTGGAAGCATGGCA-1,11.889069,7.5187016
CCGTGGACACGCTTTC-1,9.745521,10.060058
CCGTGGATCATCGCTC-1,16.741451,11.729642
CCGTTCAAGATGCCAG-1,11.730818,7.358283
CCTAAAGAGTATCTCG-1,10.363031,9.0480175
CCTAAAGTCTTATCTG-1,13.483081,3.43381
CCTACACAGCCACGTC-1,11.09689,7.603746
CCTACACCAGCGTCCA-1,16.889906,9.708132
CCTACACGTGCAGTAG-1,12.395673,2.9618058
CCTACACTCAAACAAG-1,16.481956,9.369359
CCTAGCTAGAAGGACA-1,15.441461,8.734859
CCTATTAGTACAGTGG-1,15.487648,10.109905
CCTCTGAAGCACCGCT-1,15.634884,9.196808
CCTCTGACACGAGAGT-1,17.04091,10.790456
CCTCTGACATGCGCAC-1,16.13329,9.99239
CCTTACGTCACAGTAC-1,12.221401,3.7352724
CCTTCCCAGCTAACTC-1,10.868423,6.8696012
CCTTCCCGTTATCGGT-1,12.868301,3.7542202
CGAACATAGACAAGCC-1,12.713354,3.5567274
CGACCTTCAGCTTAAC-1,-9.512055,9.091279
CGACTTCGTTTGTTGG-1,16.979095,11.850324
CGACTTCTCTGCAAGT-1,12.881284,2.9056444
CGAGAAGAGAGCTGGT-1,16.286173,10.270073
CGAGAAGGTCCAGTAT-1,13.072127,3.2750196
CGAGCACCACCTTGTC-1,17.048462,9.994387
CGAGCACCAGACGTAG-1,16.09488,8.601284
CGAGCACGTTACGTCA-1,16.604263,10.22984
CGAGCCAGTTAAGACA-1,12.753933,3.4129314
CGATCGGAGCTTATCG-1,11.172076,1.6875203
CGATCGGCAATACGCT-1,16.974882,10.628504
CGATCGGGTCTTCTCG-1,13.705257,8.231071
CGATGGCCACTTAACG-1,15.575232,9.286878
CGATGGCGTCCGAAGA-1,11.701094,6.3394856
CGATGTAAGTACGCCC-1,16.871275,11.298012
CGATTGAAGACACTAA-1,17.087767,9.758391
CGCCAAGTCAACACGT-1,15.1043825,10.049109
CGCGGTAGTTACCGAT-1,12.173718,8.121487
CGCGTTTTCAGGTTCA-1,11.439383,2.2215931
CGCTATCCAACACGCC-1,12.952355,3.3808491
CGCTGGATCGCGGATC-1,15.240815,8.652782
CGGACACAGGCATGTG-1,16.263456,9.116892
CGGACACAGTGCGTGA-1,16.80652,10.337594
CGGACACCACTAGTAC-1,13.042753,3.7553596
CGGACTGAGCGATAGC-1,12.858928,4.7262535
CGGAGCTTCTGAAAGA-1,16.788977,10.200251
CGGCTAGTCAGTACGT-1,12.461242,4.930979
CGGCTAGTCCAAATGC-1,10.246652,8.780316
CGGCTAGTCGGTGTTA-1,11.731763,5.031674
CGGCTAGTCTGTCAAG-1,15.1221075,8.343337
CGGGTCAGTTGGTTTG-1,15.792044,9.0850935
CGTAGCGAGAGTACAT-1,16.817122,11.950847
CGTAGCGCAACGATGG-1,11.6362505,2.9500978
CGTAGCGTCAGAGGTG-1,17.004875,10.358829
CGTCACTCACCAGCAC-1,17.238577,11.65057
CGTCACTGTGAGTGAC-1,16.445126,9.98081
CGTCAGGAGGTACTCT-1,15.601247,9.498152
CGTCCATTCCTTGCCA-1,10.548075,9.079324
CGTCTACAGACACTAA-1,12.473842,3.6665506
CGTGAGCGTATAAACG-1,16.954788,11.238628
CGTTAGAAGTTGAGAT-1,16.057941,8.816526
CGTTAGATCTGCCAGG-1,11.769031,6.096206
CGTTGGGAGTTCGATC-1,12.551897,3.8150628
CTAACTTCAACTGCGC-1,13.245101,2.8774216
CTAACTTGTGTGAATA-1,-9.599569,9.200719
CTAACTTTCTCGTATT-1,11.41926,1.947236
CTAAGACAGAGTAATC-1,15.751089,10.641003
CTAAGACCATGCCTTC-1,16.063509,9.810891
CTACATTAGATATGGT-1,16.447771,10.808544
CTACATTCAACTTGAC-1,12.265605,4.7576675
CTACATTCATGCCTAA-1,11.57038,7.748982
CTACCCATCCCAAGTA-1,17.382288,9.998272
CTACGTCCACCTATCC-1,16.060802,10.462933
CTAGAGTAGTCATCCA-1,11.358878,4.3127317
CTAGCCTAGCTCTCGG-1,15.017472,9.493865
CTAGCCTCAAGCCTAT-1,15.922537,10.0753975
CTAGCCTCAGTGAGTG-1,15.20913,9.804572
CTAGCCTGTGATAAGT-1,13.306854,8.481139
CTAGTGATCGTTTATC-1,12.69754,4.874382
CTCACACAGTCGTACT-1,10.94521,8.33455
CTCACACTCTCATTCA-1,12.74676,4.645606
CTCAGAACATTCACTT-1,14.485917,8.98439
CTCATTATCGTCCGTT-1,12.194457,2.5290055
CTCCTAGTCAACGCTA-1,12.66894,5.0091805
CTCGAAAAGACACGAC-1,16.779015,10.382957
CTCGAAAAGAGGTTAT-1,15.228616,10.831621
CTCGAAAAGAGGTTGC-1,14.683459,8.215944
CTCGAAAAGTAATCCC-1,16.39769,10.944776
CTCGAAACAGTCCTTC-1,12.842239,4.0500813
CTCGAAACATATGGTC-1,13.266787,7.2993646
CTCGAGGAGTATCTCG-1,11.063386,8.208499
CTCGGAGAGGAGTCTG-1,16.661854,10.557557
CTCGGGACATCAGTCA-1,17.168104,11.880571
CTCGGGACATTAGGCT-1,16.515528,10.651451
CTCGGGATCTCTGAGA-1,12.439875,4.397257
CTCGTACGTGCAGACA-1,16.253456,10.8154125
CTCGTACGTGGCTCCA-1,12.39352,3.0096009
CTCTAATGTTGTTTGG-1,12.012951,3.86285
CTCTACGAGCTGTCTA-1,13.008477,3.3743072
CTCTACGGTCCGACGT-1,13.170396,3.199083
CTCTACGTCAGTTAGC-1,14.8989725,8.493182
CTCTGGTAGGGATACC-1,12.10106,8.010083
CTCTGGTCAGCTGTGC-1,15.964742,9.364462
CTCTGGTTCCCAGGTG-1,13.582779,3.2665462
CTCTGGTTCTGTACGA-1,6.253888,2.9215572
CTGAAGTCACCGGAAA-1,15.505715,9.975283
CTGAAGTGTGCAGGTA-1,-9.514442,9.107902
CTGAAGTTCTGTTTGT-1,16.447527,10.821273
CTGAAGTTCTTGACGA-1,11.800822,6.3296857
CTGAAGTTCTTGTTTG-1,-9.0948305,8.274017
CTGATAGAGAGCTTCT-1,12.351967,6.535286
CTGATAGAGTCCCACG-1,13.239742,3.741874
CTGATAGTCCATTCTA-1,15.138788,8.915886
CTGATCCAGACAGAGA-1,13.169194,8.242297
CTGCCTAGTACTCGCG-1,17.056479,9.647157
CTGCGGAGTCTCAACA-1,11.799219,7.8202376
CTGCTGTAGATCTGAA-1,11.988953,3.0248494
CTGGTCTCATCACCCT-1,13.185969,8.436538
CTGGTCTGTACAAGTA-1,12.290178,2.615979
CTGGTCTTCCTTGGTC-1,12.541515,4.153887
CTGTGCTTCTCTGCTG-1,17.235195,10.137786
CTGTTTACAAGGACAC-1,12.725637,8.29777
CTGTTTAGTCAGTGGA-1,12.900459,4.382504
CTGTTTATCCTAGGGC-1,10.7606325,8.492582
CTGTTTATCTGATACG-1,11.221758,7.1008744
CTTAACTCAACTGGCC-1,14.983926,9.10671
CTTACCGAGTCCGGTC-1,11.166091,7.4110003
CTTACCGTCAACCATG-1,12.816481,3.0528786
CTTAGGAAGAGTGACC-1,17.281244,11.726656
CTTAGGAAGGCAATTA-1,11.299768,1.6822609
CTTCTCTAGATGGGTC-1,16.41477,9.258836
CTTCTCTCACCGGAAA-1,11.953349,2.4756238
CTTGGCTTCTGTTTGT-1,17.36177,10.373321
CTTTGCGAGAATCTCC-1,16.126286,11.408487
CTTTGCGAGGCACATG-1,13.06828,2.4903939
CTTTGCGCAGTGGGAT-1,14.774862,8.679857
CTTTGCGGTCCGCTGA-1,15.627885,8.86074
GAAATGAAGTTACGGG-1,13.515811,3.1532838
GAACCTAAGTCAATAG-1,-9.62984,9.235182
GAACGGAGTAAGAGAG-1,16.309618,11.2843075
GAACGGAGTAAGTAGT-1,12.740993,3.7676542
GAACGGAGTATAGGGC-1,9.662477,10.301242
GAAGCAGCAAACGCGA-1,15.281266,8.331605
GAAGCAGCAAGCGAGT-1,10.924602,8.416556
GAATAAGGTTCTGGTA-1,12.272429,3.847898
GAATGAACACCGATAT-1,10.786013,2.7618725
GACACGCCAGATCTGT-1,12.110323,3.1710944
GACAGAGAGACACGAC-1,11.223907,8.294577
GACAGAGAGCCACCTG-1,17.307459,9.899784
GACAGAGAGCTAGTGG-1,11.691819,6.7870226
GACCAATTCCAAGCCG-1,16.869091,10.694053
GACCAATTCTCGATGA-1,16.469412,11.257102
GACCAATTCTTTCCTC-1,12.763429,4.2444253
GACCTGGAGTTCCACA-1,9.607211,10.2988615
GACCTGGTCCGCAAGC-1,11.86735,2.9514039
GACGGCTGTAAGGATT-1,11.36961,8.270689
GACGGCTTCAGCCTAA-1,11.847573,3.321863
GACGGCTTCAGCGACC-1,9.769031,10.377559
GACGTGCTCGCACTCT-1,16.933224,11.873616
GACGTTAAGAATCTCC-1,9.852768,9.089359
GACTAACAGAGACTTA-1,16.866238,11.117662
GACTGCGAGACAAGCC-1,12.899267,8.091078
GACTGCGCAGATGGGT-1,-9.1932745,8.355563
GACTGCGTCCTCGCAT-1,17.388113,11.456007
GAGGTGACATTAGGCT-1,11.921661,2.8288941
GAGTCCGAGACTAAGT-1,9.780423,10.035008
GAGTCCGAGATGCGAC-1,5.649122,5.2886295
GAGTCCGAGCTGATAA-1,-9.620439,9.166557
GAGTCCGAGTCTCCTC-1,14.463679,8.679434
GATCAGTTCAACACCA-1,16.41453,9.914373
GATCAGTTCGTTTATC-1,12.123191,3.4306216
GATCGATGTACCTACA-1,-9.155532,8.221222
GATCGCGGTCCTCTTG-1,12.683853,4.881234
GATCGTATCCACGACG-1,16.154793,10.119315
GATCTAGGTATATCCG-1,15.243785,10.638965
GATGAAAAGAACTGTA-1,11.029058,8.323733
GATGAAATCACATGCA-1,17.255898,10.002006
GATGAAATCATCTGTT-1,12.902504,8.323559
GATGAAATCGTTTGCC-1,17.355467,10.755443
GATGCTACAGCTGCTG-1,12.413435,3.4846926
GATGCTATCGTCCAGG-1,12.982259,4.3080297
GATTCAGAGCATGGCA-1,15.614103,9.689089
GATTCAGGTGTATGGG-1,16.511623,11.534097
GCAAACTTCTTTACGT-1,15.307947,8.605117
GCAATCAGTAAACGCG-1,16.697035,10.390962
GCAATCAGTGTGAATA-1,12.469845,3.1031635
GCACATAAGCTCAACT-1,15.51662,9.243247
GCACTCTGTTAAGAAC-1,14.4186125,8.338767
GCAGCCATCAGCAACT-1,12.731272,7.616599
GCATACAAGAACTCGG-1,15.856123,8.419398
GCATGCGAGACTACAA-1,14.416246,8.23876
GCATGCGAGTGGTAGC-1,16.73068,9.598246
GCATGCGTCCTTCAAT-1,13.805997,8.34249
GCATGTACAGCTGCTG-1,13.678219,7.877955
GCATGTAGTCTAAACC-1,15.975384,9.130361
GCCTCTACAGCTTCGG-1,15.338592,8.9380245
GCCTCTACATTTGCCC-1,15.882295,9.723038
GCCTCTAGTTGGTGGA-1,10.78803,5.1529217
GCCTCTAGTTTGTGTG-1,12.338747,2.939717
GCGAGAATCCGCAAGC-1,14.79735,9.060988
GCGCAGTGTGCCTGGT-1,11.124658,7.7587533
GCGCAGTGTGCGAAAC-1,16.68099,9.815865
GCGCCAAGTCCAGTAT-1,-9.449162,8.955529
GCGCCAAGTCGAACAG-1,14.614929,8.170005
GCGCCAATCATCTGCC-1,17.010891,11.132443
GCGCCAATCATCTGTT-1,11.813807,6.0649805
GCGCCAATCATGCAAC-1,10.391703,8.947903
GCGGGTTGTTCTGAAC-1,12.1810665,3.277688
GCTCTGTTCATGCAAC-1,12.197097,3.5455866
GCTGCAGTCCATGAAC-1,12.557839,3.4690716
GCTTCCACAGGATTGG-1,16.662624,11.444084
GCTTGAAGTATAATGG-1,16.52017,11.217842
GCTTGAAGTCTCCCTA-1,16.278063,8.899068
GCTTGAAGTGGCAAAC-1,12.068197,3.1515627
GCTTGAAGTGTGAAAT-1,10.052691,9.624402
GGAAAGCAGACTAGGC-1,9.636336,10.323738
GGAAAGCAGAGTAATC-1,12.646945,2.2734962
GGAACTTGTCCGTGAC-1,15.069489,9.3489275
GGACAAGGTGCACGAA-1,11.853759,2.5904324
GGACATTAGCGTTGCC-1,16.40998,11.428484
GGACATTAGTGCAAGC-1,11.313183,2.551107
GGACATTGTGAGGGTT-1,13.08443,4.956273
GGACGTCCAAATCCGT-1,9.817902,9.296766
GGACGTCCAATGTAAG-1,15.794171,8.8763895
GGAGCAAAGTGCCAGA-1,12.5707,3.417905
GGAGCAAAGTGTTTGC-1,12.753433,2.974893
GGAGCAACACATGGGA-1,17.219242,10.652663
GGAGCAACATATGAGA-1,11.080382,1.5374348
GGATTACTCCGCGTTT-1,11.78876,2.853545
GGATTACTCGCTTGTC-1,16.42676,9.886166
GGCCGATCATAGTAAG-1,15.424434,10.088433
GGCGACTCAGCGTCCA-1,15.986305,8.604602
GGCGACTGTTCTGTTT-1,16.56592,8.811653
GGCTCGAGTGGTTTCA-1,10.143885,9.209137
GGCTGGTAGAACTGTA-1,12.709004,4.949859
GGCTGGTCACTGCCAG-1,13.1384115,4.0450525
GGCTGGTGTAGCCTCG-1,12.126306,7.918931
GGCTGGTGTCAGAAGC-1,13.536239,7.80001
GGGAATGAGGCTCTTA-1,10.09061,9.179863
GGGAATGCAGGATCGA-1,12.608359,2.7102823
GGGACCTCAGACGCAA-1,16.564236,10.348391
GGGAGATGTGCCTGTG-1,13.147553,3.4339721
GGGATGACACTTGGAT-1,16.58377,11.563363
GGGATGATCGTACGGC-1,15.067405,8.359163
GGGATGATCTCCTATA-1,10.786199,8.263343
GGGCACTCATAAGACA-1,11.253567,7.5067096
GGGCACTGTTATGCGT-1,-9.113204,8.34373
GGGCATCCAAGTAGTA-1,13.162285,3.9435887
GGGTCTGAGAGGACGG-1,11.712337,7.3710666
GGGTCTGTCTCGGACG-1,15.43598,8.460214
GGTATTGCATTCACTT-1,13.537449,3.5228975
GGTGAAGCACGTCAGC-1,16.791904,11.428307
GGTGAAGCATATGCTG-1,17.367146,9.781374
GGTGAAGGTACGCTGC-1,11.604924,7.255239
GGTGAAGTCGATCCCT-1,-9.204772,8.418998
GGTGCGTGTCCGAGTC-1,17.02131,11.663248
GGTGTTAGTTTCGCTC-1,8.594274,5.5928364
GGTGTTATCGCCTGAG-1,15.242004,10.395632
GTAACGTCACGGCGTT-1,15.3107815,8.520517
GTAACGTCATAAAGGT-1,13.055545,3.8658981
GTAACGTTCGCCCTTA-1,11.825857,2.6144469
GTAACTGTCCTGCCAT-1,15.420838,9.191102
GTACTCCCAATGTAAG-1,13.004919,3.4878922
GTACTTTGTGCCTGGT-1,12.125056,2.4540074
GTACTTTTCCAATGGT-1,12.231468,3.9237564
GTAGGCCCACGTGAGA-1,11.629436,8.088128
GTAGTCAGTACAGCAG-1,15.644913,10.307817
GTATCTTTCTCATTCA-1,11.476803,8.218609
GTATTCTCAGATGGCA-1,10.391159,8.709884
GTCAAGTCAAGTCATC-1,10.915496,8.563251
GTCAAGTCATTAGGCT-1,17.51186,9.927557
GTCACAAAGACTTGAA-1,11.623828,8.2082815
GTCACAATCAGTTTGG-1,14.976118,9.824772
GTCACGGCAAGGTGTG-1,12.808082,3.0885408
GTCACGGCACGAAGCA-1,13.534773,2.893139
GTCACGGTCATTCACT-1,11.162216,1.8086038
GTCATTTAGAAACCAT-1,12.61156,4.783679
GTCCTCACAATCGGTT-1,15.154659,10.331096
GTCCTCACATCCGCGA-1,16.520336,10.587776
GTCGGGTTCCTGCCAT-1,13.194066,4.0557604
GTCGGGTTCGACCAGC-1,11.608063,7.935944
GTCTCGTTCTGCTTGC-1,12.666422,5.3024807
GTCTTCGCAATCTACG-1,15.505255,9.942959
GTCTTCGTCACATGCA-1,12.707596,2.9651682
GTCTTCGTCCAAACTG-1,16.690548,11.146944
GTGAAGGGTGAGTGAC-1,12.146459,8.073479
GTGCAGCCAGCCTGTG-1,15.337321,9.487321
GTGCAGCGTCAATGTC-1,16.692152,10.662167
GTGCATAAGTTGCAGG-1,12.560352,7.8874955
GTGCATAGTTCGAATC-1,11.912603,7.103716
GTGCTTCCAATGGATA-1,11.269225,8.249459
GTGGGTCTCAGTGTTG-1,16.982204,11.065896
GTGGGTCTCCATGAGT-1,17.006924,10.385192
GTGTGCGCAAATCCGT-1,16.937147,10.313067
GTGTGCGGTGTGAAAT-1,12.531313,8.025322
GTGTTAGGTCCATCCT-1,15.339019,10.412301
GTGTTAGGTTGGACCC-1,-9.358231,8.677869
GTGTTAGGTTGGAGGT-1,17.357763,11.750233
GTTACAGGTAGAGCTG-1,12.530687,4.836366
GTTACAGGTCTTCTCG-1,14.809339,8.426071
GTTCATTAGACCTTTG-1,10.649455,8.38736
GTTCATTGTATCACCA-1,12.813854,4.1270094
GTTCATTGTGGCTCCA-1,13.224783,7.426274
GTTCTCGAGTGAAGTT-1,16.867653,11.480757
GTTCTCGGTTCAGCGC-1,16.803644,10.988848
GTTTCTAAGAGTACCG-1,14.952147,10.471499
GTTTCTAAGGGATACC-1,11.84954,8.098915
GTTTCTACACCTTGTC-1,13.182301,3.3826952
TAAACCGAGGACATTA-1,15.784526,9.292739
TAAGAGAAGTCGTACT-1,11.167038,8.044979
TAAGCGTGTTATCGGT-1,9.6944,10.21827
TAAGTGCAGGCACATG-1,17.07621,10.942121
TAAGTGCGTGTCGCTG-1,16.553562,9.451233
TACACGAAGGAGTCTG-1,12.318382,3.2861042
TACACGACATTGGCGC-1,10.429471,9.113409
TACAGTGAGGGTCGAT-1,9.918609,9.911558
TACAGTGAGTCCTCCT-1,14.927553,8.359087
TACCTATTCACCCTCA-1,13.202651,4.087512
TACCTTAGTAACGACG-1,17.356829,10.602142
TACGGATAGCTAGTCT-1,9.730323,10.222904
TACGGATCAATAAGCA-1,13.376871,3.8127353
TACGGATGTCCGAGTC-1,15.8311405,9.382691
TACGGGCGTATGAATG-1,9.719863,7.907822
TACGGGCTCCAACCAA-1,15.546666,10.49441
TAGAGCTCATGCCTAA-1,10.732934,8.720118
TAGCCGGGTAGAAAGG-1,9.95992,9.39309
TAGCCGGGTCGCATCG-1,10.485121,5.177382
TAGGCATAGCCAGAAC-1,12.206866,4.2724733
TAGGCATCACATGTGT-1,9.919274,9.554988
TAGGCATCAGGAACGT-1,12.635831,4.143782
TAGTTGGCAGCTTCGG-1,15.493047,8.257464
TAGTTGGCATCCCATC-1,17.4157,10.334483
TATCTCAAGACGCACA-1,16.275925,8.800911
TATCTCACAGCTCCGA-1,12.864613,3.0596554
TATCTCAGTTGCGTTA-1,16.259956,11.273577
TATGCCCAGCGTTTAC-1,14.789359,9.333129
TATGCCCAGTGTCCCG-1,16.553467,10.831831
TATGCCCCACCGTTGG-1,9.5772,10.358887
TATGCCCGTCACCCAG-1,-9.138961,8.255054
TATGCCCTCAGGTTCA-1,17.296957,9.665676
TCAACGACAAGCCATT-1,16.327408,10.981508
TCAACGACACAACTGT-1,12.865247,3.2601233
TCAACGAGTTAAGGGC-1,16.091665,9.016157
TCAACGAGTTGGTAAA-1,17.082424,10.916472
TCAATCTCAAGTCATC-1,-9.568786,9.133285
TCAATCTCATGTCGAT-1,14.517686,8.915491
TCAATCTCATTGGTAC-1,16.432177,11.598096
TCACAAGGTCACACGC-1,16.666916,11.31515
TCACGAACAATCACAC-1,12.791331,4.2928333
TCACGAACATAGAAAC-1,13.256048,3.8175848
TCACGAAGTTTAGCTG-1,12.422685,4.4589787
TCAGATGAGCTCTCGG-1,11.961646,2.1437016
TCAGCAAAGGCTCTTA-1,12.644832,2.9726298
TCAGCAATCACTTACT-1,11.065361,7.6794195
TCAGCTCCACGAAGCA-1,13.427669,3.8815126
TCAGCTCTCTGCTGTC-1,13.365875,4.357763
TCAGGTAAGAATGTTG-1,12.848396,8.256345
TCAGGTACAGCCACCA-1,12.4089775,5.090184
TCAGGTACATCACCCT-1,-9.419832,9.007405
TCAGGTATCACGACTA-1,15.287915,10.02621
TCAGGTATCTTGACGA-1,13.134669,3.9292095
TCATTTGCACACTGCG-1,11.353966,1.6470451
TCATTTGTCGGCTTGG-1,11.918492,6.035955
TCCACACAGGTTCCTA-1,11.829634,7.826773
TCGCGAGGTCAGTGGA-1,10.098513,9.431462
TCGCGTTCATTCCTCG-1,12.502944,3.1434557
TCGTACCCATCCAACA-1,15.921368,8.686274
TCGTACCTCATGTCTT-1,16.55637,8.922117
TCGTAGAGTTGTTTGG-1,11.813809,2.263097
TCTATTGCAATCCGAT-1,12.842692,4.744021
TCTATTGCAGGATTGG-1,-9.223067,8.371794
TCTATTGTCCAGAAGG-1,12.034472,7.075886
TCTGAGAAGATATGCA-1,16.7833,9.322889
TCTGAGAGTTAGAACA-1,12.830299,4.4136715
TCTGGAACAATAACGA-1,11.011146,7.530693
TCTGGAATCTGGTGTA-1,11.111036,7.7008533
TCTTCGGGTTTAGCTG-1,9.817112,9.975149
TGACAACCAATGAATG-1,12.043975,2.393127
TGACAACCATCCTAGA-1,15.75201,10.323982
TGACAACTCGGAGCAA-1,12.78545,8.140465
TGACAACTCTGGGCCA-1,12.246839,3.584322
TGACAACTCTTTCCTC-1,10.81988,8.490222
TGACGGCAGGCCCTTG-1,9.806422,9.901305
TGACTAGCAAGCCATT-1,9.825518,10.03137
TGACTAGTCATAACCG-1,9.592843,10.421789
TGACTTTAGACGACGT-1,11.734861,3.6337376
TGACTTTAGCCCTAAT-1,12.223317,3.0515103
TGACTTTCAACGATGG-1,15.889396,9.334216
TGAGAGGTCAGGTTCA-1,15.113934,8.506337
TGAGCCGAGGCATTGG-1,12.897683,4.6565766
TGAGCCGAGTTGTAGA-1,15.197837,9.945708
TGAGGGACAACTGCTA-1,17.436394,10.771673
TGATTTCAGTCTCCTC-1,15.593076,10.780692
TGATTTCTCTTCGAGA-1,16.388594,10.191578
TGCACCTAGCGTCAAG-1,14.271274,8.294143
TGCACCTGTACTTGAC-1,13.556256,4.51562
TGCACCTTCTAACCGA-1,15.290821,9.865601
TGCCAAAGTATCAGTC-1,14.7058115,8.723807
TGCCAAAGTCGGCACT-1,10.318685,9.273495
TGCCAAATCCAGATCA-1,15.716764,10.13124
TGCCCATAGCGATCCC-1,12.3637295,2.7945101
TGCCCATAGTCTCAAC-1,12.82165,4.00954
TGCCCATCAAACGTGG-1,11.213154,2.0516894
TGCCCTAAGAGCTGCA-1,11.952998,3.2793527
TGCCCTAAGGCCGAAT-1,12.015335,8.10527
TGCCCTACACGACGAA-1,13.857734,4.1093917
TGCCCTAGTAGTACCT-1,13.106909,3.4666636
TGCGCAGAGGATGCGT-1,11.104069,7.508444
TGCGCAGAGGCGCTCT-1,12.559208,3.1327958
TGCGGGTAGACTGGGT-1,16.560383,9.895359
TGCGGGTTCTCCCTGA-1,12.427201,2.8666904
TGCTACCTCAATAAGG-1,13.758092,4.169604
TGGACGCTCACCATAG-1,13.61113,3.927632
TGGACGCTCGGCTACG-1,12.028012,7.599176
TGGCCAGAGCGTAGTG-1,15.084516,8.817053
TGGCCAGTCAACACTG-1,12.4703,3.8532605
TGGCCAGTCACATGCA-1,15.317647,9.437477
TGGGAAGAGAAGGGTA-1,12.229911,3.32166
TGGGCGTCAAGTCTGT-1,-9.254987,8.484044
TGGTTAGTCCCACTTG-1,17.21818,9.673858
TGGTTCCAGCGGCTTC-1,13.100643,4.2797046
TGGTTCCGTTGAACTC-1,12.302191,4.650178
TGTATTCAGCAGCCTC-1,11.382989,7.187357
TGTATTCAGTGTACGG-1,10.901942,8.412581
TGTATTCGTTACAGAA-1,12.522814,4.343591
TGTATTCTCGATAGAA-1,16.888462,10.195484
TGTGGTATCCTTGACC-1,11.159483,2.3788621
TGTGTTTCAGGTGCCT-1,15.420606,9.620491
TGTGTTTTCCTAAGTG-1,17.169018,10.047077
TGTTCCGAGCGATAGC-1,12.628772,8.184012
TGTTCCGAGCTACCGC-1,13.461001,7.80794
TGTTCCGCAGGCTGAA-1,16.895489,10.428042
TTAACTCTCCAAACTG-1,17.139648,11.279712
TTAACTCTCTGCTGCT-1,15.507781,10.782294
TTAGGACCAAGCCATT-1,13.533688,3.3739953
TTAGGACCAGTTCATG-1,12.656754,5.2355037
TTAGGACTCCATGCTC-1,13.429798,4.2409
TTAGGCACACAGTCGC-1,15.6808815,9.266689
TTAGTTCAGACACTAA-1,9.692724,10.295886
TTAGTTCAGGCGCTCT-1,10.637075,8.723113
TTCGAAGCAGTGGGAT-1,11.487388,2.8409786
TTCGGTCAGTCCTCCT-1,11.196922,7.4650745
TTCTACAAGACGCAAC-1,12.225807,2.3562071
TTCTACAGTACATCCA-1,15.859738,11.22127
TTCTACAGTGGCAAAC-1,13.131617,3.4798768
TTCTACAGTTCACCTC-1,11.968883,3.1999831
TTCTCAACATGCCCGA-1,13.434953,4.0517435
TTCTCAAGTGGAAAGA-1,16.333315,9.731806
TTCTCAATCTATCCCG-1,12.333901,3.1819165
TTCTCCTAGTGGAGTC-1,15.879973,10.524687
TTCTCCTCACTTGGAT-1,15.705109,10.283983
TTCTTAGCACGAGGTA-1,10.316816,7.9153304
TTCTTAGCAGCTGCTG-1,15.4319935,10.176712
TTGAACGCATGACATC-1,11.991038,2.9148703
TTGAACGCATGGAATA-1,14.8789,9.898028
TTGACTTAGTAGGCCA-1,11.147014,7.447263
TTGACTTGTACGCACC-1,16.533953,10.8970585
TTGACTTGTAGGCTGA-1,15.477887,10.260562
TTGACTTGTGCAGACA-1,10.571627,8.8222885
TTGCCGTCAACCGCCA-1,12.771938,3.6623585
TTGCCGTCACGGTAGA-1,16.995064,9.720437
TTGCGTCTCTTACCGC-1,10.6335125,8.758939
TTGTAGGGTCAGCTAT-1,10.836053,7.983532
TTTACTGTCGTTGACA-1,16.233807,9.343784
TTTACTGTCTTCCTTC-1,15.063196,9.94943
TTTATGCGTTTACTCT-1,14.928424,8.092864
TTTGCGCGTGAAATCA-1,11.965436,3.4822183
