,sample,leiden_0.7
AAACGGGAGCAATATG-1,Normal,3
ACCCACTAGTCCATAC-1,Normal,0
ACGGCCAGTGCGAAAC-1,Normal,0
ACGGGTCCACGAGGTA-1,Normal,0
ACTTGTTCAGCATACT-1,Normal,0
AGACGTTTCCGCATCT-1,Normal,3
AGCAGCCAGTCATGCT-1,Normal,3
AGTCTTTAGTGGTAAT-1,Normal,0
AGTGAGGCAATGCCAT-1,Normal,0
ATAGACCGTCGTCTTC-1,Normal,0
ATCCGAATCCGAACGC-1,Normal,0
ATTATCCTCTGTGCAA-1,Normal,0
CAAGATCGTATATGAG-1,Normal,3
CAAGATCGTTGTACAC-1,Normal,0
CACAGTACAGCTCGCA-1,Normal,0
CACTCCATCTTAGCCC-1,Normal,3
CAGAGAGGTGCATCTA-1,Normal,0
CAGCGACGTCACCCAG-1,Normal,0
CAGCTGGCAACTGCGC-1,Normal,0
CAGTAACTCCGTCATC-1,Normal,0
CAGTCCTAGATCCTGT-1,Normal,0
CATATGGTCCCGGATG-1,Normal,0
CATCGGGAGGACGAAA-1,Normal,0
CATGCCTTCTGACCTC-1,Normal,3
CATTATCGTTCACGGC-1,Normal,0
CCACTACGTTATCGGT-1,Normal,0
CCATGTCAGTCCAGGA-1,Normal,2
CCCATACAGGAGTCTG-1,Normal,0
CCGGGATTCTCGTATT-1,Normal,0
CCTCAGTTCTGCGTAA-1,Normal,0
CGACTTCCAGCGATCC-1,Normal,0
CGAGAAGAGCCAGTTT-1,Normal,0
CGAGCCAAGGATCGCA-1,Normal,0
CGCTATCCAGATGGCA-1,Normal,0
CGCTGGACACCCTATC-1,Normal,0
CGGACACCAGCGTTCG-1,Normal,0
CGGACGTTCTTAGCCC-1,Normal,0
CGGAGCTTCTGCGGCA-1,Normal,0
CGGGTCATCGGATGGA-1,Normal,0
CTAACTTCAGCCACCA-1,Normal,0
CTAAGACCAATTGCTG-1,Normal,0
CTAGAGTAGTGTCTCA-1,Normal,3
CTGAAGTTCGCTGATA-1,Normal,0
CTTCTCTAGGTAAACT-1,Normal,0
GACAGAGTCCTTTACA-1,Normal,0
GACTACACAGGCAGTA-1,Normal,3
GAGCAGACAAGGCTCC-1,Normal,0
GATCAGTGTCAGAAGC-1,Normal,0
GATGAAAGTACTTCTT-1,Normal,0
GCACATATCTCGCATC-1,Normal,0
GCACTCTAGACGCTTT-1,Normal,0
GCATGCGGTATCACCA-1,Normal,0
GCATGTAAGACCCACC-1,Normal,0
GCATGTAAGTGGTCCC-1,Normal,0
GCGCCAATCTTTAGTC-1,Normal,0
GCTCTGTGTTACGGAG-1,Normal,0
GGAACTTTCTGAGTGT-1,Normal,0
GGAGCAAAGACTACAA-1,Normal,0
GGAGCAAGTATCTGCA-1,Normal,0
GGGCATCAGGTGCAAC-1,Normal,0
GGGTCTGTCTCTGTCG-1,Normal,2
GGTATTGGTTTAAGCC-1,Normal,0
GTACTCCGTGTTGGGA-1,Normal,0
GTACTTTTCTGAAAGA-1,Normal,3
GTATTCTAGGATGTAT-1,Normal,3
GTATTCTGTGAAAGAG-1,Normal,3
GTCCTCAGTCTAGCGC-1,Normal,0
GTCGGGTGTTGCGTTA-1,Normal,3
GTCGTAAAGTGCCATT-1,Normal,0
GTCGTAATCTTCTGGC-1,Normal,0
TAAGAGATCCGCGCAA-1,Normal,0
TACCTTAGTCTCTTTA-1,Normal,3
TACGGGCAGTAGGCCA-1,Normal,0
TACGGGCCATGGTCAT-1,Normal,3
TAGGCATCAGCTGTGC-1,Normal,0
TAGTTGGAGCTAAGAT-1,Normal,0
TAGTTGGGTTAAAGTG-1,Normal,0
TATCAGGTCTCCTATA-1,Normal,0
TATCTCACAAGTAGTA-1,Normal,0
TATCTCAGTCTTCAAG-1,Normal,3
TCAATCTAGGAACTGC-1,Normal,0
TCACGAAAGCTGAACG-1,Normal,0
TCAGGATGTTCTGTTT-1,Normal,0
TCGCGTTCAAGCTGAG-1,Normal,0
TCTCATAGTTATTCTC-1,Normal,0
TGAAAGACACTCTGTC-1,Normal,0
TGCACCTCACGGACAA-1,Normal,0
TGCCAAACAAGGACTG-1,Normal,0
TGCCAAATCTAACTCT-1,Normal,0
TGGCGCATCTACTATC-1,Normal,0
TTAACTCTCCAAACTG-1,Normal,0
TTAGGACGTAAGTTCC-1,Normal,1
TTAGGCAAGCCACTAT-1,Normal,0
TTCGGTCTCCAGGGCT-1,Normal,3
TTCTCCTGTGTTTGTG-1,Normal,0
TTCTCCTTCATACGGT-1,Normal,0
TTTATGCTCAACTCTT-1,Normal,0
AAAGATGCAAGAAGAG-1,Leukemia,3
AAAGATGCAGTCCTTC-1,Leukemia,2
AACCGCGGTAGCTAAA-1,Leukemia,2
AACTCTTGTTACGGAG-1,Leukemia,1
AAGACCTCACATTAGC-1,Leukemia,1
AAGGAGCGTCATATGC-1,Leukemia,3
AAGGCAGGTCCAGTGC-1,Leukemia,3
AAGGCAGGTGGTAACG-1,Leukemia,1
AAGTCTGCAATTCCTT-1,Leukemia,2
ACACCCTCATCTGGTA-1,Leukemia,1
ACACTGACACCAGGCT-1,Leukemia,2
ACACTGAGTTGTGGAG-1,Leukemia,3
ACAGCCGAGCCACGCT-1,Leukemia,2
ACAGCTAAGTGGGATC-1,Leukemia,2
ACATACGCAAGGTTTC-1,Leukemia,1
ACATACGCACCATGTA-1,Leukemia,0
ACATGGTTCCAACCAA-1,Leukemia,3
ACCCACTGTACATCCA-1,Leukemia,2
ACCCACTTCTGTCAAG-1,Leukemia,2
ACCTTTAGTGTGAAAT-1,Leukemia,0
ACGAGCCTCGCTTGTC-1,Leukemia,2
ACGCCAGAGATGTTAG-1,Leukemia,1
ACGCCGAGTGTCAATC-1,Leukemia,1
ACTTTCAAGCGTGAGT-1,Leukemia,1
ACTTTCAAGGACCACA-1,Leukemia,1
AGACGTTTCCCGGATG-1,Leukemia,1
AGAGCGATCGTTACGA-1,Leukemia,3
AGAGCTTCAACGCACC-1,Leukemia,2
AGCCTAAGTTTCCACC-1,Leukemia,3
AGCGGTCAGAGCTGCA-1,Leukemia,1
AGCGTCGAGCACAGGT-1,Leukemia,3
AGCTCCTAGCATGGCA-1,Leukemia,2
AGGCCGTCACAGCCCA-1,Leukemia,2
AGGGAGTAGACAGACC-1,Leukemia,1
AGGGATGGTCCAAGTT-1,Leukemia,3
AGTCTTTTCGCTAGCG-1,Leukemia,3
AGTGAGGCAGGACCCT-1,Leukemia,2
ATAACGCGTTGTTTGG-1,Leukemia,2
ATAAGAGCAGATCGGA-1,Leukemia,1
ATCACGATCTTAACCT-1,Leukemia,3
ATTATCCCACATAACC-1,Leukemia,2
ATTGGACAGATGAGAG-1,Leukemia,1
ATTGGACTCACCTTAT-1,Leukemia,2
ATTTCTGCACGAGAGT-1,Leukemia,3
CAAGAAACAATGACCT-1,Leukemia,3
CAAGATCCAATACGCT-1,Leukemia,2
CAAGGCCTCTTCATGT-1,Leukemia,2
CACAAACCAAGCTGGA-1,Leukemia,2
CACACAAAGTTACCCA-1,Leukemia,3
CACAGTAAGGGCTTGA-1,Leukemia,1
CACAGTACAGACTCGC-1,Leukemia,1
CACAGTAGTAAATGAC-1,Leukemia,2
CACATAGCACACGCTG-1,Leukemia,2
CACCAGGAGTACGACG-1,Leukemia,1
CACCTTGGTTACTGAC-1,Leukemia,1
CACCTTGTCATCATTC-1,Leukemia,2
CAGAATCTCGTACGGC-1,Leukemia,2
CAGAGAGCACATCCGG-1,Leukemia,1
CAGGTGCTCCTTCAAT-1,Leukemia,2
CAGTCCTTCTTGTACT-1,Leukemia,2
CATCAGACATGCCACG-1,Leukemia,0
CATCCACGTTCACCTC-1,Leukemia,1
CATTATCGTCAGGACA-1,Leukemia,2
CATTCGCGTCTGCCAG-1,Leukemia,2
CCATTCGGTCTCATCC-1,Leukemia,2
CCGTGGACACGCTTTC-1,Leukemia,3
CCGTGGATCATCGCTC-1,Leukemia,1
CCTAAAGAGTATCTCG-1,Leukemia,3
CCTATTAGTACAGTGG-1,Leukemia,2
CCTCTGACACGAGAGT-1,Leukemia,1
CCTCTGACATGCGCAC-1,Leukemia,2
CGACTTCGTTTGTTGG-1,Leukemia,1
CGAGAAGAGAGCTGGT-1,Leukemia,2
CGAGCACCACCTTGTC-1,Leukemia,1
CGAGCACGTTACGTCA-1,Leukemia,2
CGATCGGCAATACGCT-1,Leukemia,2
CGATCGGGTCTTCTCG-1,Leukemia,2
CGATGGCCACTTAACG-1,Leukemia,2
CGATTGAAGACACTAA-1,Leukemia,1
CGGACACAGGCATGTG-1,Leukemia,2
CGGACACAGTGCGTGA-1,Leukemia,1
CGGAGCTTCTGAAAGA-1,Leukemia,1
CGGCTAGTCCAAATGC-1,Leukemia,3
CGGCTAGTCTGTCAAG-1,Leukemia,2
CGTAGCGAGAGTACAT-1,Leukemia,1
CGTAGCGTCAGAGGTG-1,Leukemia,1
CGTCACTCACCAGCAC-1,Leukemia,1
CGTCACTGTGAGTGAC-1,Leukemia,2
CGTCCATTCCTTGCCA-1,Leukemia,3
CGTCTACAGACACTAA-1,Leukemia,0
CTAAGACAGAGTAATC-1,Leukemia,1
CTAAGACCATGCCTTC-1,Leukemia,2
CTACGTCCACCTATCC-1,Leukemia,1
CTAGCCTCAGTGAGTG-1,Leukemia,2
CTCACACAGTCGTACT-1,Leukemia,3
CTCAGAACATTCACTT-1,Leukemia,2
CTCGAAAAGACACGAC-1,Leukemia,1
CTCGAAAAGTAATCCC-1,Leukemia,1
CTCGGGACATTAGGCT-1,Leukemia,2
CTCGGGATCTCTGAGA-1,Leukemia,0
CTCGTACGTGCAGACA-1,Leukemia,2
CTCTACGTCAGTTAGC-1,Leukemia,2
CTCTGGTCAGCTGTGC-1,Leukemia,2
CTCTGGTTCCCAGGTG-1,Leukemia,0
CTGATAGAGAGCTTCT-1,Leukemia,0
CTGTGCTTCTCTGCTG-1,Leukemia,1
CTTAACTCAACTGGCC-1,Leukemia,2
CTTAGGAAGAGTGACC-1,Leukemia,1
CTTGGCTTCTGTTTGT-1,Leukemia,1
CTTTGCGAGGCACATG-1,Leukemia,0
GAACGGAGTATAGGGC-1,Leukemia,3
GAAGCAGCAAACGCGA-1,Leukemia,2
GACAGAGAGCCACCTG-1,Leukemia,1
GACCAATTCTCGATGA-1,Leukemia,1
GACCTGGAGTTCCACA-1,Leukemia,3
GACGGCTGTAAGGATT-1,Leukemia,3
GACGGCTTCAGCGACC-1,Leukemia,3
GACGTGCTCGCACTCT-1,Leukemia,1
GACGTTAAGAATCTCC-1,Leukemia,3
GACTAACAGAGACTTA-1,Leukemia,1
GACTGCGTCCTCGCAT-1,Leukemia,1
GAGTCCGAGACTAAGT-1,Leukemia,3
GAGTCCGAGTCTCCTC-1,Leukemia,2
GATCGATGTACCTACA-1,Leukemia,1
GATCGTATCCACGACG-1,Leukemia,1
GATCTAGGTATATCCG-1,Leukemia,2
GATGAAATCACATGCA-1,Leukemia,1
GATGAAATCGTTTGCC-1,Leukemia,1
GATTCAGAGCATGGCA-1,Leukemia,2
GATTCAGGTGTATGGG-1,Leukemia,1
GCACATAAGCTCAACT-1,Leukemia,2
GCACTCTGTTAAGAAC-1,Leukemia,2
GCATACAAGAACTCGG-1,Leukemia,2
GCCTCTACATTTGCCC-1,Leukemia,2
GCGCAGTGTGCGAAAC-1,Leukemia,1
GCGCCAAGTCGAACAG-1,Leukemia,2
GCGCCAATCATCTGCC-1,Leukemia,1
GCTTCCACAGGATTGG-1,Leukemia,1
GCTTGAAGTATAATGG-1,Leukemia,1
GCTTGAAGTGTGAAAT-1,Leukemia,3
GGAAAGCAGACTAGGC-1,Leukemia,3
GGACATTAGCGTTGCC-1,Leukemia,1
GGACGTCCAAATCCGT-1,Leukemia,3
GGACGTCCAATGTAAG-1,Leukemia,2
GGAGCAACACATGGGA-1,Leukemia,1
GGATTACTCGCTTGTC-1,Leukemia,1
GGCCGATCATAGTAAG-1,Leukemia,2
GGCGACTCAGCGTCCA-1,Leukemia,2
GGGACCTCAGACGCAA-1,Leukemia,1
GGGATGATCGTACGGC-1,Leukemia,2
GGGATGATCTCCTATA-1,Leukemia,3
GGTGAAGCACGTCAGC-1,Leukemia,1
GGTGAAGCATATGCTG-1,Leukemia,1
GGTGAAGTCGATCCCT-1,Leukemia,1
GGTGTTATCGCCTGAG-1,Leukemia,2
GTAACGTCACGGCGTT-1,Leukemia,2
GTAACTGTCCTGCCAT-1,Leukemia,1
GTACTCCCAATGTAAG-1,Leukemia,0
GTAGTCAGTACAGCAG-1,Leukemia,2
GTCAAGTCAAGTCATC-1,Leukemia,3
GTCAAGTCATTAGGCT-1,Leukemia,1
GTCACAATCAGTTTGG-1,Leukemia,2
GTCCTCACAATCGGTT-1,Leukemia,2
GTCCTCACATCCGCGA-1,Leukemia,1
GTCTCGTTCTGCTTGC-1,Leukemia,0
GTGCAGCGTCAATGTC-1,Leukemia,1
GTGGGTCTCAGTGTTG-1,Leukemia,1
GTGGGTCTCCATGAGT-1,Leukemia,1
GTGTGCGCAAATCCGT-1,Leukemia,1
GTGTTAGGTTGGAGGT-1,Leukemia,1
GTTCATTAGACCTTTG-1,Leukemia,3
GTTCTCGAGTGAAGTT-1,Leukemia,1
TAAGCGTGTTATCGGT-1,Leukemia,3
TAAGTGCGTGTCGCTG-1,Leukemia,2
TACACGACATTGGCGC-1,Leukemia,3
TACCTTAGTAACGACG-1,Leukemia,1
TACGGATAGCTAGTCT-1,Leukemia,3
TACGGGCTCCAACCAA-1,Leukemia,2
TAGCCGGGTCGCATCG-1,Leukemia,3
TAGTTGGCATCCCATC-1,Leukemia,1
TATCTCAAGACGCACA-1,Leukemia,1
TATCTCAGTTGCGTTA-1,Leukemia,1
TATGCCCAGTGTCCCG-1,Leukemia,1
TATGCCCCACCGTTGG-1,Leukemia,3
TATGCCCGTCACCCAG-1,Leukemia,1
TCAACGACAAGCCATT-1,Leukemia,1
TCAACGAGTTAAGGGC-1,Leukemia,2
TCAACGAGTTGGTAAA-1,Leukemia,1
TCAATCTCATTGGTAC-1,Leukemia,1
TCACAAGGTCACACGC-1,Leukemia,1
TCAGGTACAGCCACCA-1,Leukemia,0
TCAGGTATCACGACTA-1,Leukemia,2
TCGCGAGGTCAGTGGA-1,Leukemia,3
TCTATTGTCCAGAAGG-1,Leukemia,3
TCTGAGAAGATATGCA-1,Leukemia,1
TCTTCGGGTTTAGCTG-1,Leukemia,3
TGACAACTCTTTCCTC-1,Leukemia,3
TGACGGCAGGCCCTTG-1,Leukemia,3
TGACTAGTCATAACCG-1,Leukemia,3
TGACTTTCAACGATGG-1,Leukemia,2
TGAGGGACAACTGCTA-1,Leukemia,1
TGATTTCAGTCTCCTC-1,Leukemia,1
TGATTTCTCTTCGAGA-1,Leukemia,1
TGCCAAAGTCGGCACT-1,Leukemia,3
TGCCCATAGTCTCAAC-1,Leukemia,0
TGCCCTAAGGCCGAAT-1,Leukemia,3
TGCGGGTAGACTGGGT-1,Leukemia,2
TGGTTAGTCCCACTTG-1,Leukemia,1
TGTATTCTCGATAGAA-1,Leukemia,1
TGTGTTTCAGGTGCCT-1,Leukemia,2
TGTGTTTTCCTAAGTG-1,Leukemia,1
TGTTCCGCAGGCTGAA-1,Leukemia,1
TTAACTCTCTGCTGCT-1,Leukemia,2
TTAGGACCAGTTCATG-1,Leukemia,0
TTAGGCACACAGTCGC-1,Leukemia,2
TTAGTTCAGACACTAA-1,Leukemia,3
TTAGTTCAGGCGCTCT-1,Leukemia,3
TTCTACAGTGGCAAAC-1,Leukemia,0
TTCTCAAGTGGAAAGA-1,Leukemia,2
TTGACTTGTACGCACC-1,Leukemia,1
TTGACTTGTAGGCTGA-1,Leukemia,2
TTGACTTGTGCAGACA-1,Leukemia,3
TTGCCGTCACGGTAGA-1,Leukemia,1
TTTACTGTCTTCCTTC-1,Leukemia,2
TTTATGCGTTTACTCT-1,Leukemia,2
TTTGCGCGTGAAATCA-1,Leukemia,0
