,sample,sample_id
AAACCTGAGGACCACA-1,Normal,Normal
AAACCTGGTTTGGGCC-1,Normal,Normal
AAACGGGAGCAATATG-1,Normal,Normal
AAACGGGCATGTCTCC-1,Normal,Normal
AAACGGGTCGCGCCAA-1,Normal,Normal
AAAGATGGTAGAGTGC-1,Normal,Normal
AAAGATGTCAGCGACC-1,Normal,Normal
AAAGATGTCGCACTCT-1,Normal,Normal
AACACGTCACTTCTGC-1,Normal,Normal
AACCGCGAGGGTGTGT-1,Normal,Normal
AACCGCGCAGCGTCCA-1,Normal,Normal
AACCGCGCATCCCATC-1,Normal,Normal
AACCGCGTCCCTAACC-1,Normal,Normal
AACGTTGTCAAGATCC-1,Normal,Normal
AACTCAGCACTCGACG-1,Normal,Normal
AACTCCCCATTACGAC-1,Normal,Normal
AACTCCCTCTAAGCCA-1,Normal,Normal
AACTCTTAGGCATTGG-1,Normal,Normal
AACTGGTGTCCGAATT-1,Normal,Normal
AACTGGTTCCTGCTTG-1,Normal,Normal
AACTTTCCAGATGGCA-1,Normal,Normal
AACTTTCTCAGGCGAA-1,Normal,Normal
AAGACCTAGGAATGGA-1,Normal,Normal
AAGACCTCAAATACAG-1,Normal,Normal
AAGACCTTCGGATGGA-1,Normal,Normal
AAGCCGCAGATGGGTC-1,Normal,Normal
AAGCCGCCACGACTCG-1,Normal,Normal
AAGGCAGAGCTTTGGT-1,Normal,Normal
AAGGTTCAGCATGGCA-1,Normal,Normal
AAGTCTGCACATGGGA-1,Normal,Normal
AATCCAGAGTATTGGA-1,Normal,Normal
AATCGGTTCGCGATCG-1,Normal,Normal
AATCGGTTCTCTTGAT-1,Normal,Normal
ACACCCTCATATGAGA-1,Normal,Normal
ACACCGGGTCTGGAGA-1,Normal,Normal
ACACCGGGTGTGCGTC-1,Normal,Normal
ACACCGGGTTGTACAC-1,Normal,Normal
ACAGCCGAGACCACGA-1,Normal,Normal
ACAGCCGAGTCGTACT-1,Normal,Normal
ACAGCCGTCGGAGGTA-1,Normal,Normal
ACAGCTAGTCATCCCT-1,Normal,Normal
ACATACGCACAGGTTT-1,Normal,Normal
ACATACGCATCCGTGG-1,Normal,Normal
ACATCAGAGATTACCC-1,Normal,Normal
ACATCAGAGGCAAAGA-1,Normal,Normal
ACATGGTGTCGCGAAA-1,Normal,Normal
ACCAGTAGTAAGTTCC-1,Normal,Normal
ACCAGTATCTAAGCCA-1,Normal,Normal
ACCCACTAGTCAAGGC-1,Normal,Normal
ACCCACTAGTCCATAC-1,Normal,Normal
ACCCACTCACGGTAGA-1,Normal,Normal
ACCCACTTCAGCAACT-1,Normal,Normal
ACCGTAAAGCCTATGT-1,Normal,Normal
ACCGTAAGTCTCCACT-1,Normal,Normal
ACGAGGAAGTGGAGTC-1,Normal,Normal
ACGAGGAGTTGAACTC-1,Normal,Normal
ACGATACTCTTTAGTC-1,Normal,Normal
ACGATGTAGTAGGTGC-1,Normal,Normal
ACGATGTCAAGCGCTC-1,Normal,Normal
ACGATGTGTTCCACAA-1,Normal,Normal
ACGCAGCGTACCGGCT-1,Normal,Normal
ACGCCAGGTGTCGCTG-1,Normal,Normal
ACGGAGACAGTCTTCC-1,Normal,Normal
ACGGAGAGTTCGTTGA-1,Normal,Normal
ACGGAGATCGATAGAA-1,Normal,Normal
ACGGCCAGTGCGAAAC-1,Normal,Normal
ACGGGCTAGCGCTCCA-1,Normal,Normal
ACGGGCTCAGTATAAG-1,Normal,Normal
ACGGGTCAGTCGTACT-1,Normal,Normal
ACGGGTCAGTGGAGTC-1,Normal,Normal
ACGGGTCCACGAGGTA-1,Normal,Normal
ACGTCAAGTAATAGCA-1,Normal,Normal
ACTGAACAGTGGTAGC-1,Normal,Normal
ACTGAACGTTCGCGAC-1,Normal,Normal
ACTTACTAGAGTAATC-1,Normal,Normal
ACTTACTTCACCTTAT-1,Normal,Normal
ACTTACTTCCGGGTGT-1,Normal,Normal
ACTTGTTAGATGGCGT-1,Normal,Normal
ACTTGTTCAGCATACT-1,Normal,Normal
ACTTTCAAGCCAGTAG-1,Normal,Normal
ACTTTCATCCACGCAG-1,Normal,Normal
AGACGTTTCCGCATCT-1,Normal,Normal
AGAGCGAAGACTGGGT-1,Normal,Normal
AGAGCGAGTAGCTTGT-1,Normal,Normal
AGAGCGAGTCACCCAG-1,Normal,Normal
AGAGCTTAGCCACGCT-1,Normal,Normal
AGATCTGGTCAACTGT-1,Normal,Normal
AGCAGCCAGCGCTCCA-1,Normal,Normal
AGCAGCCAGTCATGCT-1,Normal,Normal
AGCAGCCCAGTGGGAT-1,Normal,Normal
AGCAGCCTCTCTGAGA-1,Normal,Normal
AGCATACCACCACCAG-1,Normal,Normal
AGCGGTCGTCCGACGT-1,Normal,Normal
AGCGTATAGTGGAGTC-1,Normal,Normal
AGCGTATCAGTCAGCC-1,Normal,Normal
AGCGTATGTCAAAGCG-1,Normal,Normal
AGCGTCGGTTAAAGAC-1,Normal,Normal
AGCGTCGGTTGTACAC-1,Normal,Normal
AGCTCTCAGCGATAGC-1,Normal,Normal
AGCTTGATCCGATATG-1,Normal,Normal
AGGCCACGTACGCTGC-1,Normal,Normal
AGGCCACTCGTAGGAG-1,Normal,Normal
AGGCCGTAGTACGCCC-1,Normal,Normal
AGGCCGTCAGTCGTGC-1,Normal,Normal
AGGCCGTGTCAGCTAT-1,Normal,Normal
AGGCCGTGTCGCATAT-1,Normal,Normal
AGGCCGTTCGGACAAG-1,Normal,Normal
AGGGAGTGTTAAAGAC-1,Normal,Normal
AGGTCATCATTCCTGC-1,Normal,Normal
AGGTCCGCAAGCTGTT-1,Normal,Normal
AGGTCCGGTTAAGGGC-1,Normal,Normal
AGTAGTCAGAGTACCG-1,Normal,Normal
AGTAGTCAGATAGGAG-1,Normal,Normal
AGTCTTTAGACGCACA-1,Normal,Normal
AGTCTTTAGTGGTAAT-1,Normal,Normal
AGTCTTTAGTTGTAGA-1,Normal,Normal
AGTCTTTTCGCGGATC-1,Normal,Normal
AGTCTTTTCTTCCTTC-1,Normal,Normal
AGTGAGGCAATGCCAT-1,Normal,Normal
AGTGTCAAGTCAAGCG-1,Normal,Normal
AGTGTCATCTAGAGTC-1,Normal,Normal
AGTTGGTGTACATCCA-1,Normal,Normal
AGTTGGTGTCTGGAGA-1,Normal,Normal
ATAACGCAGTCGCCGT-1,Normal,Normal
ATAACGCCAGCGAACA-1,Normal,Normal
ATAACGCTCTGCAAGT-1,Normal,Normal
ATAAGAGTCTCGAGTA-1,Normal,Normal
ATAGACCGTCGTCTTC-1,Normal,Normal
ATCACGAAGTGTGGCA-1,Normal,Normal
ATCCGAAGTGTCTGAT-1,Normal,Normal
ATCCGAAGTTCCCGAG-1,Normal,Normal
ATCCGAATCCGAACGC-1,Normal,Normal
ATCGAGTGTAGGAGTC-1,Normal,Normal
ATCGAGTTCGAGAGCA-1,Normal,Normal
ATCTACTAGACAAGCC-1,Normal,Normal
ATCTACTGTACCTACA-1,Normal,Normal
ATCTACTTCTTCATGT-1,Normal,Normal
ATCTGCCGTTGGTGGA-1,Normal,Normal
ATCTGCCTCACGAAGG-1,Normal,Normal
ATGAGGGTCGTTACAG-1,Normal,Normal
ATGAGGGTCTTTCCTC-1,Normal,Normal
ATGGGAGAGATTACCC-1,Normal,Normal
ATGGGAGCAGGTCCAC-1,Normal,Normal
ATGGGAGGTAGCACGA-1,Normal,Normal
ATGGGAGGTATCACCA-1,Normal,Normal
ATGTGTGGTGTGGCTC-1,Normal,Normal
ATGTGTGTCACGCGGT-1,Normal,Normal
ATTACTCCACGGTAGA-1,Normal,Normal
ATTATCCAGCTAACTC-1,Normal,Normal
ATTATCCTCTGTGCAA-1,Normal,Normal
ATTCTACGTATTCGTG-1,Normal,Normal
ATTGGACCATCCGTGG-1,Normal,Normal
ATTGGTGAGCAGACTG-1,Normal,Normal
ATTTCTGCAGGTTTCA-1,Normal,Normal
CAACCAAAGGTAGCTG-1,Normal,Normal
CAACCTCCACGCATCG-1,Normal,Normal
CAACTAGGTCTGCCAG-1,Normal,Normal
CAAGATCCAAGACGTG-1,Normal,Normal
CAAGATCGTATATGAG-1,Normal,Normal
CAAGATCGTTGTACAC-1,Normal,Normal
CAAGATCTCACGCATA-1,Normal,Normal
CAAGGCCAGACCGGAT-1,Normal,Normal
CAAGGCCAGTTCGCAT-1,Normal,Normal
CAAGGCCGTCGCGAAA-1,Normal,Normal
CAAGTTGGTCATGCCG-1,Normal,Normal
CACAAACAGTACATGA-1,Normal,Normal
CACAAACCACTTCGAA-1,Normal,Normal
CACAAACGTCCGAGTC-1,Normal,Normal
CACACAAAGTTGTAGA-1,Normal,Normal
CACAGGCCACAAGTAA-1,Normal,Normal
CACAGGCTCGTGGACC-1,Normal,Normal
CACAGTAAGAACTCGG-1,Normal,Normal
CACAGTACAGCTCGCA-1,Normal,Normal
CACAGTACATTCGACA-1,Normal,Normal
CACATAGCAGCCTATA-1,Normal,Normal
CACATAGTCCAGTATG-1,Normal,Normal
CACATTTCAAGACACG-1,Normal,Normal
CACATTTGTTGATTGC-1,Normal,Normal
CACCACTCATGTAAGA-1,Normal,Normal
CACCACTTCAATACCG-1,Normal,Normal
CACCTTGCAATGACCT-1,Normal,Normal
CACCTTGTCTCAAACG-1,Normal,Normal
CACTCCAAGTACGTAA-1,Normal,Normal
CACTCCATCTTAGCCC-1,Normal,Normal
CAGAATCCATGACGGA-1,Normal,Normal
CAGAATCTCCCAACGG-1,Normal,Normal
CAGAATCTCTGGTGTA-1,Normal,Normal
CAGAGAGGTGCATCTA-1,Normal,Normal
CAGATCACAGGTGGAT-1,Normal,Normal
CAGATCAGTAAGTTCC-1,Normal,Normal
CAGCCGAAGTGAAGTT-1,Normal,Normal
CAGCCGAGTAGGCTGA-1,Normal,Normal
CAGCCGATCCACTGGG-1,Normal,Normal
CAGCGACAGACATAAC-1,Normal,Normal
CAGCGACCAAGCGCTC-1,Normal,Normal
CAGCGACGTCACCCAG-1,Normal,Normal
CAGCTGGCAACTGCGC-1,Normal,Normal
CAGGTGCAGACAGAGA-1,Normal,Normal
CAGGTGCAGGCAAAGA-1,Normal,Normal
CAGGTGCCAGATAATG-1,Normal,Normal
CAGTAACCACTAGTAC-1,Normal,Normal
CAGTAACTCCGTCATC-1,Normal,Normal
CAGTCCTAGATCCTGT-1,Normal,Normal
CATATGGCACTGTTAG-1,Normal,Normal
CATATGGCAGGTGCCT-1,Normal,Normal
CATATGGTCCCGGATG-1,Normal,Normal
CATATTCAGCTAACAA-1,Normal,Normal
CATATTCAGTGTCCCG-1,Normal,Normal
CATCCACGTCGAGTTT-1,Normal,Normal
CATCCACGTTCACCTC-1,Normal,Normal
CATCGAATCCACGACG-1,Normal,Normal
CATCGGGAGGACGAAA-1,Normal,Normal
CATGACAAGAGGTACC-1,Normal,Normal
CATGACACAATGGATA-1,Normal,Normal
CATGCCTTCTGACCTC-1,Normal,Normal
CATTATCAGCAGACTG-1,Normal,Normal
CATTATCCACAAGCCC-1,Normal,Normal
CATTATCGTTCACGGC-1,Normal,Normal
CATTCGCCATGCAACT-1,Normal,Normal
CATTCGCGTAGAGCTG-1,Normal,Normal
CATTCGCTCGAATGCT-1,Normal,Normal
CATTCGCTCGTCGTTC-1,Normal,Normal
CCAATCCCACCGAATT-1,Normal,Normal
CCAATCCCAGCCTTGG-1,Normal,Normal
CCAATCCGTTAAGATG-1,Normal,Normal
CCAATCCTCCGTACAA-1,Normal,Normal
CCACCTAAGCTCCTCT-1,Normal,Normal
CCACCTACACCGCTAG-1,Normal,Normal
CCACCTACATGGATGG-1,Normal,Normal
CCACCTAGTATCAGTC-1,Normal,Normal
CCACGGACAGCTGCTG-1,Normal,Normal
CCACTACAGACAGGCT-1,Normal,Normal
CCACTACGTTATCGGT-1,Normal,Normal
CCACTACTCAAACGGG-1,Normal,Normal
CCACTACTCTCCAGGG-1,Normal,Normal
CCAGCGAAGTCCATAC-1,Normal,Normal
CCATGTCAGTCCAGGA-1,Normal,Normal
CCATGTCCAGTTCCCT-1,Normal,Normal
CCATGTCGTTATTCTC-1,Normal,Normal
CCATGTCTCGCTTGTC-1,Normal,Normal
CCATTCGCACATGGGA-1,Normal,Normal
CCATTCGCAGATCCAT-1,Normal,Normal
CCCAATCTCATAGCAC-1,Normal,Normal
CCCAGTTGTTAAGACA-1,Normal,Normal
CCCATACAGGAGTCTG-1,Normal,Normal
CCCTCCTAGCCTCGTG-1,Normal,Normal
CCCTCCTCAATGGAGC-1,Normal,Normal
CCGGGATTCAAGGCTT-1,Normal,Normal
CCGGGATTCTACGAGT-1,Normal,Normal
CCGGGATTCTCGTATT-1,Normal,Normal
CCGGTAGAGTACATGA-1,Normal,Normal
CCGGTAGTCTGAGTGT-1,Normal,Normal
CCGTGGACAGAAGCAC-1,Normal,Normal
CCGTTCACACAGCGTC-1,Normal,Normal
CCTACACGTTTGTTGG-1,Normal,Normal
CCTACACTCGTACGGC-1,Normal,Normal
CCTACCAAGGATATAC-1,Normal,Normal
CCTACCAAGGTAGCTG-1,Normal,Normal
CCTAGCTAGTTCGCAT-1,Normal,Normal
CCTAGCTGTAAGGGCT-1,Normal,Normal
CCTCAGTTCCTTTCTC-1,Normal,Normal
CCTCAGTTCTGCGTAA-1,Normal,Normal
CCTTACGGTCGAGTTT-1,Normal,Normal
CCTTACGTCGTGACAT-1,Normal,Normal
CCTTCCCAGCGAAGGG-1,Normal,Normal
CCTTTCTAGAAACGCC-1,Normal,Normal
CCTTTCTCATGACGGA-1,Normal,Normal
CGAACATCACCCAGTG-1,Normal,Normal
CGAATGTCAGTCAGAG-1,Normal,Normal
CGACCTTAGTGTACCT-1,Normal,Normal
CGACTTCCAGCGATCC-1,Normal,Normal
CGAGAAGAGCCAGTTT-1,Normal,Normal
CGAGCACCAAATTGCC-1,Normal,Normal
CGAGCCAAGGATCGCA-1,Normal,Normal
CGATGTAAGATCGATA-1,Normal,Normal
CGATGTAAGCGATTCT-1,Normal,Normal
CGATGTACATTCCTGC-1,Normal,Normal
CGCCAAGAGGGCTCTC-1,Normal,Normal
CGCCAAGTCATAGCAC-1,Normal,Normal
CGCCAAGTCTTCGAGA-1,Normal,Normal
CGCGGTAAGGCCATAG-1,Normal,Normal
CGCGGTAAGTCGTTTG-1,Normal,Normal
CGCGTTTAGAAACCTA-1,Normal,Normal
CGCGTTTAGACTAAGT-1,Normal,Normal
CGCTATCCAGATGGCA-1,Normal,Normal
CGCTGGAAGAAGGTTT-1,Normal,Normal
CGCTGGAAGCTAGTTC-1,Normal,Normal
CGCTGGACACCCTATC-1,Normal,Normal
CGCTTCAGTTATGCGT-1,Normal,Normal
CGCTTCATCGCCTGTT-1,Normal,Normal
CGGACACCAAACCTAC-1,Normal,Normal
CGGACACCAGCGTTCG-1,Normal,Normal
CGGACGTTCTTAGCCC-1,Normal,Normal
CGGACTGAGTCAAGCG-1,Normal,Normal
CGGACTGCATAAAGGT-1,Normal,Normal
CGGAGCTGTAGCACGA-1,Normal,Normal
CGGAGCTTCTGCGGCA-1,Normal,Normal
CGGAGTCAGATGTCGG-1,Normal,Normal
CGGAGTCTCCTTGGTC-1,Normal,Normal
CGGCTAGAGATCGGGT-1,Normal,Normal
CGGGTCATCCGTACAA-1,Normal,Normal
CGGGTCATCGGATGGA-1,Normal,Normal
CGGTTAATCGTAGGAG-1,Normal,Normal
CGTAGCGAGTTAAGTG-1,Normal,Normal
CGTAGGCGTGAGGGAG-1,Normal,Normal
CGTCACTAGAGCAATT-1,Normal,Normal
CGTCACTGTCAGAGGT-1,Normal,Normal
CGTCACTGTTTAGCTG-1,Normal,Normal
CGTCACTTCCAGATCA-1,Normal,Normal
CGTCTACAGTTTGCGT-1,Normal,Normal
CGTGAGCCAATGTTGC-1,Normal,Normal
CGTGTAATCATCGATG-1,Normal,Normal
CGTGTCTGTACAGACG-1,Normal,Normal
CGTTAGACAAGGGTCA-1,Normal,Normal
CGTTAGAGTAAGGATT-1,Normal,Normal
CGTTAGATCCACTCCA-1,Normal,Normal
CGTTCTGAGCCCGAAA-1,Normal,Normal
CGTTCTGGTCCTGCTT-1,Normal,Normal
CGTTGGGCATTGGCGC-1,Normal,Normal
CGTTGGGGTATCACCA-1,Normal,Normal
CGTTGGGTCACCGTAA-1,Normal,Normal
CTAACTTCAGCCACCA-1,Normal,Normal
CTAAGACAGAAACCAT-1,Normal,Normal
CTAAGACCAATTGCTG-1,Normal,Normal
CTAAGACTCAAACCAC-1,Normal,Normal
CTAAGACTCGAATGGG-1,Normal,Normal
CTAATGGGTATAGTAG-1,Normal,Normal
CTAATGGTCAGCGATT-1,Normal,Normal
CTAATGGTCCTCATTA-1,Normal,Normal
CTACACCAGTGGTAAT-1,Normal,Normal
CTACACCAGTTGTCGT-1,Normal,Normal
CTACACCCATCTCCCA-1,Normal,Normal
CTACCCATCACATACG-1,Normal,Normal
CTACGTCCATGAACCT-1,Normal,Normal
CTACGTCGTAACGACG-1,Normal,Normal
CTAGAGTAGTGTCTCA-1,Normal,Normal
CTAGCCTCAATCTACG-1,Normal,Normal
CTAGCCTTCACTCCTG-1,Normal,Normal
CTAGTGACATCGATGT-1,Normal,Normal
CTAGTGAGTTGTGGCC-1,Normal,Normal
CTCACACCAAACCCAT-1,Normal,Normal
CTCACACCAGATCTGT-1,Normal,Normal
CTCACACTCACCCGAG-1,Normal,Normal
CTCATTATCGGTCTAA-1,Normal,Normal
CTCCTAGAGACCTAGG-1,Normal,Normal
CTCGAGGAGTGAAGAG-1,Normal,Normal
CTCGGAGAGTGTGGCA-1,Normal,Normal
CTCGGGAAGACCTAGG-1,Normal,Normal
CTCGGGAAGCTGATAA-1,Normal,Normal
CTCGTACAGACCTAGG-1,Normal,Normal
CTCGTACGTTGTCTTT-1,Normal,Normal
CTCTGGTAGATCGGGT-1,Normal,Normal
CTCTGGTAGTTGAGAT-1,Normal,Normal
CTGAAACAGCCGGTAA-1,Normal,Normal
CTGAAACCATGCCCGA-1,Normal,Normal
CTGAAACTCAAACCAC-1,Normal,Normal
CTGAAGTAGGATGCGT-1,Normal,Normal
CTGAAGTCAAACTGCT-1,Normal,Normal
CTGAAGTTCGCTGATA-1,Normal,Normal
CTGAAGTTCTGATTCT-1,Normal,Normal
CTGATAGAGTCGTACT-1,Normal,Normal
CTGATCCAGGTGCACA-1,Normal,Normal
CTGCGGAAGAACTCGG-1,Normal,Normal
CTGGTCTGTACATGTC-1,Normal,Normal
CTGGTCTGTGCAACGA-1,Normal,Normal
CTGTTTACACAGCCCA-1,Normal,Normal
CTTAGGAGTTCACCTC-1,Normal,Normal
CTTAGGATCGTCGTTC-1,Normal,Normal
CTTCTCTAGGTAAACT-1,Normal,Normal
CTTCTCTGTACCGTAT-1,Normal,Normal
CTTCTCTGTCTTCGTC-1,Normal,Normal
CTTGGCTAGCCCAGCT-1,Normal,Normal
CTTGGCTCACATGTGT-1,Normal,Normal
CTTTGCGCAAGTAATG-1,Normal,Normal
CTTTGCGTCATGCAAC-1,Normal,Normal
CTTTGCGTCTAACGGT-1,Normal,Normal
GAAACTCAGAGGACGG-1,Normal,Normal
GAAACTCCATGCCCGA-1,Normal,Normal
GAAACTCGTCGTCTTC-1,Normal,Normal
GAACATCTCAGATAAG-1,Normal,Normal
GAACATCTCCAAGTAC-1,Normal,Normal
GAACCTAAGAGACTTA-1,Normal,Normal
GAACCTAAGTAATCCC-1,Normal,Normal
GAACCTATCAGCTTAG-1,Normal,Normal
GAAGCAGAGTGGTCCC-1,Normal,Normal
GAATAAGTCACTGGGC-1,Normal,Normal
GACACGCCAAGAAGAG-1,Normal,Normal
GACACGCTCAACTCTT-1,Normal,Normal
GACAGAGAGACTAAGT-1,Normal,Normal
GACAGAGAGACTTTCG-1,Normal,Normal
GACAGAGCACTAGTAC-1,Normal,Normal
GACAGAGGTAAGTGGC-1,Normal,Normal
GACAGAGGTGTCAATC-1,Normal,Normal
GACAGAGTCCTTTACA-1,Normal,Normal
GACCAATCAGTGGAGT-1,Normal,Normal
GACCTGGAGTGAAGTT-1,Normal,Normal
GACCTGGGTTTAGCTG-1,Normal,Normal
GACCTGGTCTACCTGC-1,Normal,Normal
GACGCGTAGTTGAGAT-1,Normal,Normal
GACGGCTTCACAATGC-1,Normal,Normal
GACGTGCCAGTAAGAT-1,Normal,Normal
GACGTGCGTTAAGATG-1,Normal,Normal
GACGTGCTCCAAAGTC-1,Normal,Normal
GACGTTAAGGATGTAT-1,Normal,Normal
GACGTTAGTGAGGGTT-1,Normal,Normal
GACTACAAGTCACGCC-1,Normal,Normal
GACTACACAGGCAGTA-1,Normal,Normal
GACTACAGTAAGGATT-1,Normal,Normal
GACTGCGCAGGGAGAG-1,Normal,Normal
GAGCAGAAGGCTAGGT-1,Normal,Normal
GAGCAGACAAGGCTCC-1,Normal,Normal
GAGGTGAGTGTAACGG-1,Normal,Normal
GAGGTGATCTTGACGA-1,Normal,Normal
GAGTCCGGTTCCATGA-1,Normal,Normal
GATCAGTGTCAGAAGC-1,Normal,Normal
GATCGCGCACGAAACG-1,Normal,Normal
GATCGCGGTGACGCCT-1,Normal,Normal
GATCGCGTCTATGTGG-1,Normal,Normal
GATCGTACAACTGGCC-1,Normal,Normal
GATCGTATCGGATGTT-1,Normal,Normal
GATCTAGCACATGACT-1,Normal,Normal
GATGAAACACCCATGG-1,Normal,Normal
GATGAAAGTACTTCTT-1,Normal,Normal
GATGAGGAGCGTCAAG-1,Normal,Normal
GATGAGGAGTACTTGC-1,Normal,Normal
GATGCTACAGCATACT-1,Normal,Normal
GATTCAGCACTTAAGC-1,Normal,Normal
GCAAACTAGGGTATCG-1,Normal,Normal
GCAAACTTCGTCACGG-1,Normal,Normal
GCAATCACACCTTGTC-1,Normal,Normal
GCACATAGTACCAGTT-1,Normal,Normal
GCACATAGTACCGAGA-1,Normal,Normal
GCACATATCTCGCATC-1,Normal,Normal
GCACTCTAGACGCTTT-1,Normal,Normal
GCACTCTAGAGCTGGT-1,Normal,Normal
GCACTCTAGTGCCAGA-1,Normal,Normal
GCACTCTCATGCCTTC-1,Normal,Normal
GCAGCCACATTACGAC-1,Normal,Normal
GCAGTTAAGTGTTTGC-1,Normal,Normal
GCATACAAGTACATGA-1,Normal,Normal
GCATGATTCAACCAAC-1,Normal,Normal
GCATGCGAGCGATTCT-1,Normal,Normal
GCATGCGAGTGACATA-1,Normal,Normal
GCATGCGGTATCACCA-1,Normal,Normal
GCATGCGTCGCATGGC-1,Normal,Normal
GCATGCGTCGTTACAG-1,Normal,Normal
GCATGTAAGACCCACC-1,Normal,Normal
GCATGTAAGCCCTAAT-1,Normal,Normal
GCATGTAAGTGGTCCC-1,Normal,Normal
GCATGTACACGAGAGT-1,Normal,Normal
GCATGTAGTACAGACG-1,Normal,Normal
GCATGTAGTTACGACT-1,Normal,Normal
GCCAAATGTGGACGAT-1,Normal,Normal
GCGACCAGTAAATACG-1,Normal,Normal
GCGAGAACATGGTCAT-1,Normal,Normal
GCGCAACAGACTGGGT-1,Normal,Normal
GCGCAACCAATGCCAT-1,Normal,Normal
GCGCAGTAGATCCCGC-1,Normal,Normal
GCGCCAAAGAAGATTC-1,Normal,Normal
GCGCCAAGTAGGAGTC-1,Normal,Normal
GCGCCAATCTTTAGTC-1,Normal,Normal
GCGCGATGTATAAACG-1,Normal,Normal
GCGGGTTAGGTGCAAC-1,Normal,Normal
GCTCCTAGTGTGGCTC-1,Normal,Normal
GCTCTGTGTTACGGAG-1,Normal,Normal
GGAAAGCAGAGAACAG-1,Normal,Normal
GGAAAGCAGATGGGTC-1,Normal,Normal
GGAACTTAGCCACCTG-1,Normal,Normal
GGAACTTGTCAGAATA-1,Normal,Normal
GGAACTTTCTGAGTGT-1,Normal,Normal
GGAATAAAGGTAGCTG-1,Normal,Normal
GGAATAAAGTTATCGC-1,Normal,Normal
GGAATAAGTCCAGTTA-1,Normal,Normal
GGACAAGCACCACGTG-1,Normal,Normal
GGACAAGTCTTTAGGG-1,Normal,Normal
GGACATTAGCCAGAAC-1,Normal,Normal
GGACATTGTAGCTGCC-1,Normal,Normal
GGACATTTCAGTTAGC-1,Normal,Normal
GGACATTTCGTCACGG-1,Normal,Normal
GGAGCAAAGACTACAA-1,Normal,Normal
GGAGCAAGTATCTGCA-1,Normal,Normal
GGAGCAATCTGCTGTC-1,Normal,Normal
GGATGTTCAAGCGTAG-1,Normal,Normal
GGATGTTCAATGGTCT-1,Normal,Normal
GGATGTTTCTTATCTG-1,Normal,Normal
GGCAATTGTAAATGTG-1,Normal,Normal
GGCAATTGTTAGTGGG-1,Normal,Normal
GGCGACTAGCTCCCAG-1,Normal,Normal
GGCGACTAGTTCGATC-1,Normal,Normal
GGCGACTCATGATCCA-1,Normal,Normal
GGCGACTGTTCCACAA-1,Normal,Normal
GGCGTGTCATATACCG-1,Normal,Normal
GGCTCGAAGTGATCGG-1,Normal,Normal
GGCTCGAGTGGCGAAT-1,Normal,Normal
GGCTCGATCAAGGTAA-1,Normal,Normal
GGCTCGATCACAAACC-1,Normal,Normal
GGCTGGTGTGCGCTTG-1,Normal,Normal
GGGACCTCATCGGAAG-1,Normal,Normal
GGGACCTGTTAAAGAC-1,Normal,Normal
GGGAGATAGTGCCAGA-1,Normal,Normal
GGGATGAGTAAAGTCA-1,Normal,Normal
GGGATGATCAGCCTAA-1,Normal,Normal
GGGCACTAGTCTTGCA-1,Normal,Normal
GGGCATCAGGAGTAGA-1,Normal,Normal
GGGCATCAGGTGCAAC-1,Normal,Normal
GGGCATCTCTCGAGTA-1,Normal,Normal
GGGCATCTCTGCGGCA-1,Normal,Normal
GGGTCTGAGCACACAG-1,Normal,Normal
GGGTCTGAGCGATCCC-1,Normal,Normal
GGGTCTGTCTCTGTCG-1,Normal,Normal
GGTATTGAGGTCGGAT-1,Normal,Normal
GGTATTGAGTGCCAGA-1,Normal,Normal
GGTATTGCATGAAGTA-1,Normal,Normal
GGTATTGGTAACGTTC-1,Normal,Normal
GGTATTGGTGGCCCTA-1,Normal,Normal
GGTATTGGTGGTCTCG-1,Normal,Normal
GGTATTGGTTACGCGC-1,Normal,Normal
GGTATTGGTTTAAGCC-1,Normal,Normal
GGTGAAGAGTACGTAA-1,Normal,Normal
GGTGAAGCAAGCTGGA-1,Normal,Normal
GGTGTTATCGTTTATC-1,Normal,Normal
GTAACTGTCCGCGTTT-1,Normal,Normal
GTACGTAGTATATCCG-1,Normal,Normal
GTACTCCAGTACGTTC-1,Normal,Normal
GTACTCCGTGTTGGGA-1,Normal,Normal
GTACTCCGTTCTGAAC-1,Normal,Normal
GTACTTTTCTGAAAGA-1,Normal,Normal
GTATCTTAGCAGGCTA-1,Normal,Normal
GTATCTTCAAGCCTAT-1,Normal,Normal
GTATCTTCATCCGTGG-1,Normal,Normal
GTATTCTAGGATGTAT-1,Normal,Normal
GTATTCTGTAACGCGA-1,Normal,Normal
GTATTCTGTGAAAGAG-1,Normal,Normal
GTCAAGTAGTGTACGG-1,Normal,Normal
GTCAAGTCACCAGTTA-1,Normal,Normal
GTCAAGTTCGGCGGTT-1,Normal,Normal
GTCACAAAGCCAGTTT-1,Normal,Normal
GTCACGGAGTCAATAG-1,Normal,Normal
GTCACGGAGTTGAGAT-1,Normal,Normal
GTCACGGTCATGGTCA-1,Normal,Normal
GTCACGGTCGATCCCT-1,Normal,Normal
GTCATTTGTCTCAACA-1,Normal,Normal
GTCCTCAGTCTAGCGC-1,Normal,Normal
GTCGGGTCAGGCAGTA-1,Normal,Normal
GTCGGGTGTTGCGTTA-1,Normal,Normal
GTCGTAAAGCTTTGGT-1,Normal,Normal
GTCGTAAAGGGATACC-1,Normal,Normal
GTCGTAAAGTGCCATT-1,Normal,Normal
GTCGTAATCTTCTGGC-1,Normal,Normal
GTCGTAATCTTGTCAT-1,Normal,Normal
GTGCAGCAGATGAGAG-1,Normal,Normal
GTGCAGCAGTGGAGTC-1,Normal,Normal
GTGCAGCCATGTTGAC-1,Normal,Normal
GTGCATAAGAGAGCTC-1,Normal,Normal
GTGCATAAGCTGCAAG-1,Normal,Normal
GTGCATACAATAGCGG-1,Normal,Normal
GTGCGGTCACAAGACG-1,Normal,Normal
GTGCTTCCACGGACAA-1,Normal,Normal
GTGCTTCTCATCACCC-1,Normal,Normal
GTGCTTCTCCCAACGG-1,Normal,Normal
GTGGGTCCATGTAAGA-1,Normal,Normal
GTGTGCGAGGTGCTAG-1,Normal,Normal
GTGTGCGGTTACCAGT-1,Normal,Normal
GTTAAGCCACAGTCGC-1,Normal,Normal
GTTACAGAGCACGCCT-1,Normal,Normal
GTTACAGCACTCAGGC-1,Normal,Normal
GTTACAGGTTGGAGGT-1,Normal,Normal
GTTACAGTCAAAGACA-1,Normal,Normal
GTTACAGTCGTAGGAG-1,Normal,Normal
GTTCATTAGAGTAATC-1,Normal,Normal
GTTCGGGCACGTCTCT-1,Normal,Normal
GTTCTCGAGATGCCTT-1,Normal,Normal
GTTCTCGAGTGAATTG-1,Normal,Normal
GTTCTCGGTGCTCTTC-1,Normal,Normal
TAAGAGAAGTTTGCGT-1,Normal,Normal
TAAGAGATCCGCGCAA-1,Normal,Normal
TAAGCGTTCTGCAAGT-1,Normal,Normal
TAAGTGCTCCCTTGTG-1,Normal,Normal
TACAGTGCATCTCCCA-1,Normal,Normal
TACCTATCAAATACAG-1,Normal,Normal
TACCTATTCACAATGC-1,Normal,Normal
TACCTTAGTCTCTTTA-1,Normal,Normal
TACCTTAGTGTTTGGT-1,Normal,Normal
TACGGGCAGTAGGCCA-1,Normal,Normal
TACGGGCCATGGTCAT-1,Normal,Normal
TACGGGCGTAAGGATT-1,Normal,Normal
TACGGTAAGTGGTCCC-1,Normal,Normal
TACGGTACAAGCCGTC-1,Normal,Normal
TACGGTATCCGTTGCT-1,Normal,Normal
TACGGTATCGCGTAGC-1,Normal,Normal
TACGGTATCTATCCTA-1,Normal,Normal
TACTCATAGATCCCAT-1,Normal,Normal
TACTCATGTGTCAATC-1,Normal,Normal
TACTCATGTTAGTGGG-1,Normal,Normal
TACTTACAGCTGTTCA-1,Normal,Normal
TACTTACAGTACTTGC-1,Normal,Normal
TACTTACCAGACGCTC-1,Normal,Normal
TACTTACTCATTATCC-1,Normal,Normal
TACTTACTCGCTTAGA-1,Normal,Normal
TACTTGTGTTAAAGAC-1,Normal,Normal
TAGACCATCCAGATCA-1,Normal,Normal
TAGACCATCTGGTGTA-1,Normal,Normal
TAGGCATCAGCTGTGC-1,Normal,Normal
TAGTTGGAGAGTAATC-1,Normal,Normal
TAGTTGGAGCTAAGAT-1,Normal,Normal
TAGTTGGCACCAGCAC-1,Normal,Normal
TAGTTGGCACTGTGTA-1,Normal,Normal
TAGTTGGGTTAAAGTG-1,Normal,Normal
TAGTTGGTCTCTAGGA-1,Normal,Normal
TATCAGGAGCCCTAAT-1,Normal,Normal
TATCAGGGTCTAGTCA-1,Normal,Normal
TATCAGGGTGCAACTT-1,Normal,Normal
TATCAGGTCTCCTATA-1,Normal,Normal
TATCTCACAAGTAGTA-1,Normal,Normal
TATCTCACAGAGCCAA-1,Normal,Normal
TATCTCAGTCTTCAAG-1,Normal,Normal
TATGCCCGTCCTCTTG-1,Normal,Normal
TATGCCCGTCGAACAG-1,Normal,Normal
TATGCCCTCAGCTGGC-1,Normal,Normal
TATTACCTCACTCTTA-1,Normal,Normal
TATTACCTCCTAAGTG-1,Normal,Normal
TCAATCTAGGAACTGC-1,Normal,Normal
TCACGAAAGCAATATG-1,Normal,Normal
TCACGAAAGCTGAACG-1,Normal,Normal
TCACGAAGTTGGGACA-1,Normal,Normal
TCACGAATCTCCTATA-1,Normal,Normal
TCACGAATCTGGTTCC-1,Normal,Normal
TCAGATGTCGGAAACG-1,Normal,Normal
TCAGCTCGTCGTGGCT-1,Normal,Normal
TCAGGATAGAGCAATT-1,Normal,Normal
TCAGGATAGGACCACA-1,Normal,Normal
TCAGGATCAAAGGAAG-1,Normal,Normal
TCAGGATGTTCTGTTT-1,Normal,Normal
TCAGGTACATCATCCC-1,Normal,Normal
TCATTACAGACAATAC-1,Normal,Normal
TCATTACCAGTGACAG-1,Normal,Normal
TCATTACTCAAACGGG-1,Normal,Normal
TCATTTGCAATGTAAG-1,Normal,Normal
TCGAGGCAGATCGATA-1,Normal,Normal
TCGAGGCTCAACGGCC-1,Normal,Normal
TCGCGTTAGAGCTATA-1,Normal,Normal
TCGCGTTCAAGCTGAG-1,Normal,Normal
TCGGGACAGAATGTTG-1,Normal,Normal
TCGGTAACATGCGCAC-1,Normal,Normal
TCGTACCAGGATTCGG-1,Normal,Normal
TCGTACCAGTATCTCG-1,Normal,Normal
TCGTACCCAGTGACAG-1,Normal,Normal
TCTATTGCAGTGGGAT-1,Normal,Normal
TCTATTGGTTTAAGCC-1,Normal,Normal
TCTCATAAGTGTCCCG-1,Normal,Normal
TCTCATAGTGAGTATA-1,Normal,Normal
TCTCATAGTTATTCTC-1,Normal,Normal
TCTGAGATCCGTAGTA-1,Normal,Normal
TCTGGAAAGGCCGAAT-1,Normal,Normal
TCTGGAACAGTAGAGC-1,Normal,Normal
TCTTCGGTCCTAGGGC-1,Normal,Normal
TCTTTCCAGCGATTCT-1,Normal,Normal
TCTTTCCAGCTATGCT-1,Normal,Normal
TGAAAGACACTCTGTC-1,Normal,Normal
TGAAAGATCACTTATC-1,Normal,Normal
TGAAAGATCCTCGCAT-1,Normal,Normal
TGACAACGTTCTGGTA-1,Normal,Normal
TGACGGCAGGAATCGC-1,Normal,Normal
TGACGGCTCACCACCT-1,Normal,Normal
TGACTAGGTTCGGGCT-1,Normal,Normal
TGACTTTAGGAATCGC-1,Normal,Normal
TGACTTTGTTGCTCCT-1,Normal,Normal
TGACTTTTCATGTAGC-1,Normal,Normal
TGAGAGGAGTGTCCAT-1,Normal,Normal
TGAGCCGAGGGCATGT-1,Normal,Normal
TGAGCCGCACGGCTAC-1,Normal,Normal
TGAGGGAAGCGTAATA-1,Normal,Normal
TGAGGGATCGGCTTGG-1,Normal,Normal
TGCACCTAGGCTAGGT-1,Normal,Normal
TGCACCTCACGGACAA-1,Normal,Normal
TGCACCTCAGGGTACA-1,Normal,Normal
TGCACCTGTTGTGGCC-1,Normal,Normal
TGCCAAACAAGGACTG-1,Normal,Normal
TGCCAAATCTAACTCT-1,Normal,Normal
TGCCAAATCTTGAGGT-1,Normal,Normal
TGCCCATGTCATGCAT-1,Normal,Normal
TGCCCATTCAGAAATG-1,Normal,Normal
TGCCCTAGTGTGAATA-1,Normal,Normal
TGCGCAGCAGTCACTA-1,Normal,Normal
TGCGGGTCACCGAAAG-1,Normal,Normal
TGCGGGTTCGAGGTAG-1,Normal,Normal
TGCGTGGAGCGATTCT-1,Normal,Normal
TGCGTGGAGTCGCCGT-1,Normal,Normal
TGCGTGGCATGCAACT-1,Normal,Normal
TGCGTGGTCAGGCAAG-1,Normal,Normal
TGCTGCTCAATCACAC-1,Normal,Normal
TGGACGCAGCGTGTCC-1,Normal,Normal
TGGACGCCATCGGGTC-1,Normal,Normal
TGGCCAGAGATATGCA-1,Normal,Normal
TGGCCAGTCAAGGTAA-1,Normal,Normal
TGGCGCATCATCGATG-1,Normal,Normal
TGGCGCATCTACTATC-1,Normal,Normal
TGGCTGGAGGTGTTAA-1,Normal,Normal
TGGCTGGTCTACTATC-1,Normal,Normal
TGGTTAGCACGTGAGA-1,Normal,Normal
TGGTTAGCATGGTTGT-1,Normal,Normal
TGGTTAGTCGATCCCT-1,Normal,Normal
TGGTTCCCAGACGCTC-1,Normal,Normal
TGTATTCTCAGCACAT-1,Normal,Normal
TGTCCCAGTGTGCCTG-1,Normal,Normal
TGTGGTATCGCGCCAA-1,Normal,Normal
TGTGGTATCTTAGCCC-1,Normal,Normal
TGTGTTTAGACAAGCC-1,Normal,Normal
TGTGTTTGTAAGAGGA-1,Normal,Normal
TGTGTTTTCATTGCGA-1,Normal,Normal
TGTTCCGAGATCCTGT-1,Normal,Normal
TGTTCCGGTCATGCCG-1,Normal,Normal
TGTTCCGGTCTCTCGT-1,Normal,Normal
TGTTCCGGTTGGACCC-1,Normal,Normal
TTAACTCGTGCTCTTC-1,Normal,Normal
TTAACTCTCAAGCCTA-1,Normal,Normal
TTAACTCTCCAAACTG-1,Normal,Normal
TTAGGACGTAAGTTCC-1,Normal,Normal
TTAGGCAAGAATCTCC-1,Normal,Normal
TTAGGCAAGCCACTAT-1,Normal,Normal
TTAGGCATCATCATTC-1,Normal,Normal
TTAGTTCCAACACGCC-1,Normal,Normal
TTATGCTAGAAGCCCA-1,Normal,Normal
TTATGCTAGGGTTTCT-1,Normal,Normal
TTATGCTCAAGTTCTG-1,Normal,Normal
TTATGCTCATATGCTG-1,Normal,Normal
TTATGCTTCCTTAATC-1,Normal,Normal
TTCGAAGCACGGCCAT-1,Normal,Normal
TTCGGTCGTCTAGAGG-1,Normal,Normal
TTCGGTCTCCAGGGCT-1,Normal,Normal
TTCTACAAGCAGGCTA-1,Normal,Normal
TTCTCAAAGACACGAC-1,Normal,Normal
TTCTCCTAGCAGGTCA-1,Normal,Normal
TTCTCCTGTGTTTGTG-1,Normal,Normal
TTCTCCTTCATACGGT-1,Normal,Normal
TTCTTAGAGGGTATCG-1,Normal,Normal
TTCTTAGAGTTATCGC-1,Normal,Normal
TTCTTAGTCAGTTCGA-1,Normal,Normal
TTGAACGTCTCTAGGA-1,Normal,Normal
TTGACTTTCCGAATGT-1,Normal,Normal
TTGACTTTCTCAACTT-1,Normal,Normal
TTGCCGTCATTCCTCG-1,Normal,Normal
TTGCCGTTCAGTCAGT-1,Normal,Normal
TTGCCGTTCCTAAGTG-1,Normal,Normal
TTGCGTCTCAGCGATT-1,Normal,Normal
TTGGAACCAGAAGCAC-1,Normal,Normal
TTGGAACGTCGCATAT-1,Normal,Normal
TTGGAACTCCGTCATC-1,Normal,Normal
TTGTAGGCAGATGGGT-1,Normal,Normal
TTTACTGGTAGCGTGA-1,Normal,Normal
TTTACTGGTCCGTGAC-1,Normal,Normal
TTTACTGTCGGCTTGG-1,Normal,Normal
TTTATGCTCAACTCTT-1,Normal,Normal
TTTATGCTCATGCTCC-1,Normal,Normal
TTTCCTCTCTGCAAGT-1,Normal,Normal
TTTGCGCTCCGTTGTC-1,Normal,Normal
TTTGCGCTCTTCATGT-1,Normal,Normal
TTTGGTTGTATCACCA-1,Normal,Normal
TTTGTCACATTATCTC-1,Normal,Normal
TTTGTCAGTCGGGTCT-1,Normal,Normal
AAACCTGCAACTGCTA-1,Leukemia,Leukemia
AAACCTGGTAGGGTAC-1,Leukemia,Leukemia
AAACCTGTCATGCATG-1,Leukemia,Leukemia
AAACGGGAGGTTACCT-1,Leukemia,Leukemia
AAACGGGCAGGACCCT-1,Leukemia,Leukemia
AAACGGGGTATTCGTG-1,Leukemia,Leukemia
AAAGATGAGCGTGTCC-1,Leukemia,Leukemia
AAAGATGCAAGAAGAG-1,Leukemia,Leukemia
AAAGATGCAGTAACGG-1,Leukemia,Leukemia
AAAGATGCAGTCCTTC-1,Leukemia,Leukemia
AAAGCAAAGACTAGGC-1,Leukemia,Leukemia
AAAGCAAAGATGTCGG-1,Leukemia,Leukemia
AAAGTAGCAAGCTGTT-1,Leukemia,Leukemia
AAAGTAGCACCCATGG-1,Leukemia,Leukemia
AAAGTAGGTTCCATGA-1,Leukemia,Leukemia
AAATGCCAGATCACGG-1,Leukemia,Leukemia
AAATGCCAGCGCCTCA-1,Leukemia,Leukemia
AAATGCCAGTAATCCC-1,Leukemia,Leukemia
AAATGCCCATGAACCT-1,Leukemia,Leukemia
AACACGTGTATTACCG-1,Leukemia,Leukemia
AACACGTGTTATCACG-1,Leukemia,Leukemia
AACCATGGTCCCGACA-1,Leukemia,Leukemia
AACCATGTCACAAACC-1,Leukemia,Leukemia
AACCGCGCACACCGAC-1,Leukemia,Leukemia
AACCGCGGTAAGTTCC-1,Leukemia,Leukemia
AACCGCGGTACTTAGC-1,Leukemia,Leukemia
AACCGCGGTAGCTAAA-1,Leukemia,Leukemia
AACCGCGGTCTTGATG-1,Leukemia,Leukemia
AACGTTGAGCTAGGCA-1,Leukemia,Leukemia
AACGTTGCAGACAAGC-1,Leukemia,Leukemia
AACGTTGTCCGTAGTA-1,Leukemia,Leukemia
AACTCAGAGCCGTCGT-1,Leukemia,Leukemia
AACTCAGGTAAATGAC-1,Leukemia,Leukemia
AACTCCCAGGGAAACA-1,Leukemia,Leukemia
AACTCTTAGAAACGAG-1,Leukemia,Leukemia
AACTCTTAGAAGGGTA-1,Leukemia,Leukemia
AACTCTTGTTACGGAG-1,Leukemia,Leukemia
AACTGGTGTACTCGCG-1,Leukemia,Leukemia
AACTGGTGTCCAAGTT-1,Leukemia,Leukemia
AACTGGTTCACAACGT-1,Leukemia,Leukemia
AACTTTCTCGTCCAGG-1,Leukemia,Leukemia
AAGACCTAGAAGGTGA-1,Leukemia,Leukemia
AAGACCTAGACACGAC-1,Leukemia,Leukemia
AAGACCTCACATTAGC-1,Leukemia,Leukemia
AAGCCGCAGATGAGAG-1,Leukemia,Leukemia
AAGCCGCAGCAGACTG-1,Leukemia,Leukemia
AAGGAGCGTCATATGC-1,Leukemia,Leukemia
AAGGAGCGTCGAGATG-1,Leukemia,Leukemia
AAGGCAGAGGACGAAA-1,Leukemia,Leukemia
AAGGCAGAGGTGCTAG-1,Leukemia,Leukemia
AAGGCAGGTAAGGATT-1,Leukemia,Leukemia
AAGGCAGGTCCAGTGC-1,Leukemia,Leukemia
AAGGCAGGTCTCTCTG-1,Leukemia,Leukemia
AAGGCAGGTGGTAACG-1,Leukemia,Leukemia
AAGGCAGTCTTGCATT-1,Leukemia,Leukemia
AAGGTTCAGGCGACAT-1,Leukemia,Leukemia
AAGGTTCGTCTGGAGA-1,Leukemia,Leukemia
AAGTCTGCAATTCCTT-1,Leukemia,Leukemia
AAGTCTGCACCAGGTC-1,Leukemia,Leukemia
AATCCAGCAAGGGTCA-1,Leukemia,Leukemia
ACACCCTAGGGTGTGT-1,Leukemia,Leukemia
ACACCCTCACATTAGC-1,Leukemia,Leukemia
ACACCCTCACCAGGCT-1,Leukemia,Leukemia
ACACCCTCATCTGGTA-1,Leukemia,Leukemia
ACACCGGGTTGGTTTG-1,Leukemia,Leukemia
ACACTGAAGACAAGCC-1,Leukemia,Leukemia
ACACTGAAGAGGGATA-1,Leukemia,Leukemia
ACACTGACACCAGGCT-1,Leukemia,Leukemia
ACACTGAGTTGTGGAG-1,Leukemia,Leukemia
ACAGCCGAGCCACGCT-1,Leukemia,Leukemia
ACAGCTAAGTGGGATC-1,Leukemia,Leukemia
ACAGCTACAGGGTATG-1,Leukemia,Leukemia
ACAGCTATCCAGGGCT-1,Leukemia,Leukemia
ACAGCTATCGAGAGCA-1,Leukemia,Leukemia
ACATACGAGTAAGTAC-1,Leukemia,Leukemia
ACATACGCAAGGTTTC-1,Leukemia,Leukemia
ACATACGCACCATGTA-1,Leukemia,Leukemia
ACATACGCAGCGATCC-1,Leukemia,Leukemia
ACATCAGTCAGGTAAA-1,Leukemia,Leukemia
ACATGGTAGGTCATCT-1,Leukemia,Leukemia
ACATGGTGTACCGAGA-1,Leukemia,Leukemia
ACATGGTTCCAACCAA-1,Leukemia,Leukemia
ACCAGTAGTGACTCAT-1,Leukemia,Leukemia
ACCAGTATCGCGCCAA-1,Leukemia,Leukemia
ACCCACTGTACATCCA-1,Leukemia,Leukemia
ACCCACTTCTGTCAAG-1,Leukemia,Leukemia
ACCCACTTCTTGAGAC-1,Leukemia,Leukemia
ACCGTAACAACTTGAC-1,Leukemia,Leukemia
ACCGTAAGTCTGATTG-1,Leukemia,Leukemia
ACCTTTACAAGTAATG-1,Leukemia,Leukemia
ACCTTTAGTGTGAAAT-1,Leukemia,Leukemia
ACCTTTATCCCATTAT-1,Leukemia,Leukemia
ACGAGCCTCGCTTGTC-1,Leukemia,Leukemia
ACGAGGACACGTGAGA-1,Leukemia,Leukemia
ACGAGGATCATGTCCC-1,Leukemia,Leukemia
ACGATACAGCATCATC-1,Leukemia,Leukemia
ACGATGTGTCACCTAA-1,Leukemia,Leukemia
ACGATGTGTGCCTGTG-1,Leukemia,Leukemia
ACGATGTTCGGATGTT-1,Leukemia,Leukemia
ACGCCAGAGATGTTAG-1,Leukemia,Leukemia
ACGCCGACATCGACGC-1,Leukemia,Leukemia
ACGCCGAGTCTACCTC-1,Leukemia,Leukemia
ACGCCGAGTGTCAATC-1,Leukemia,Leukemia
ACGCCGATCAATACCG-1,Leukemia,Leukemia
ACGCCGATCGGACAAG-1,Leukemia,Leukemia
ACGGAGATCGCGATCG-1,Leukemia,Leukemia
ACGGCCAAGTTATCGC-1,Leukemia,Leukemia
ACGGGCTAGCGACGTA-1,Leukemia,Leukemia
ACGGGCTAGCTAGCCC-1,Leukemia,Leukemia
ACGGGCTAGTAACCCT-1,Leukemia,Leukemia
ACGGGCTGTCACACGC-1,Leukemia,Leukemia
ACTATCTAGGGAAACA-1,Leukemia,Leukemia
ACTGAACTCTTACCTA-1,Leukemia,Leukemia
ACTGAGTAGTGTTTGC-1,Leukemia,Leukemia
ACTGATGTCGGCGCTA-1,Leukemia,Leukemia
ACTGCTCAGCTGGAAC-1,Leukemia,Leukemia
ACTGCTCCAACCGCCA-1,Leukemia,Leukemia
ACTGCTCCATTCACTT-1,Leukemia,Leukemia
ACTGCTCGTACATGTC-1,Leukemia,Leukemia
ACTTACTAGGCGATAC-1,Leukemia,Leukemia
ACTTGTTAGGACCACA-1,Leukemia,Leukemia
ACTTTCAAGCGTGAGT-1,Leukemia,Leukemia
ACTTTCAAGGACCACA-1,Leukemia,Leukemia
ACTTTCATCCATGCTC-1,Leukemia,Leukemia
ACTTTCATCCGCAGTG-1,Leukemia,Leukemia
AGAATAGTCGTTGCCT-1,Leukemia,Leukemia
AGACGTTAGCTAGTTC-1,Leukemia,Leukemia
AGACGTTCAATAGAGT-1,Leukemia,Leukemia
AGACGTTCACATGACT-1,Leukemia,Leukemia
AGACGTTTCCCGGATG-1,Leukemia,Leukemia
AGAGCGACAAGTAATG-1,Leukemia,Leukemia
AGAGCGACATACGCTA-1,Leukemia,Leukemia
AGAGCGACATATACCG-1,Leukemia,Leukemia
AGAGCGAGTTCCACTC-1,Leukemia,Leukemia
AGAGCGATCGTTACGA-1,Leukemia,Leukemia
AGAGCGATCTTTACGT-1,Leukemia,Leukemia
AGAGCTTCAACGCACC-1,Leukemia,Leukemia
AGAGCTTTCGCGGATC-1,Leukemia,Leukemia
AGAGTGGTCCTTAATC-1,Leukemia,Leukemia
AGAGTGGTCGGGAGTA-1,Leukemia,Leukemia
AGATCTGGTAAGGATT-1,Leukemia,Leukemia
AGATCTGGTCACCTAA-1,Leukemia,Leukemia
AGATCTGGTTCCACAA-1,Leukemia,Leukemia
AGATTGCAGAGACGAA-1,Leukemia,Leukemia
AGATTGCGTAGCTTGT-1,Leukemia,Leukemia
AGCAGCCAGTAGCCGA-1,Leukemia,Leukemia
AGCAGCCTCTTGCAAG-1,Leukemia,Leukemia
AGCATACCAGACGTAG-1,Leukemia,Leukemia
AGCCTAAAGAATCTCC-1,Leukemia,Leukemia
AGCCTAAAGCCAGTTT-1,Leukemia,Leukemia
AGCCTAAAGCTAGCCC-1,Leukemia,Leukemia
AGCCTAACAGATTGCT-1,Leukemia,Leukemia
AGCCTAAGTTTCCACC-1,Leukemia,Leukemia
AGCGGTCAGAGCTGCA-1,Leukemia,Leukemia
AGCGGTCGTCGCGTGT-1,Leukemia,Leukemia
AGCGTATCATTCTTAC-1,Leukemia,Leukemia
AGCGTATGTACTCAAC-1,Leukemia,Leukemia
AGCGTCGAGCACAGGT-1,Leukemia,Leukemia
AGCTCCTAGCATGGCA-1,Leukemia,Leukemia
AGCTCCTTCCCTAATT-1,Leukemia,Leukemia
AGCTCTCAGGGATGGG-1,Leukemia,Leukemia
AGCTCTCGTGTCTGAT-1,Leukemia,Leukemia
AGCTCTCTCACAATGC-1,Leukemia,Leukemia
AGCTTGAAGAGAACAG-1,Leukemia,Leukemia
AGGCCACGTGCGAAAC-1,Leukemia,Leukemia
AGGCCGTCACAGCCCA-1,Leukemia,Leukemia
AGGGAGTAGACAGACC-1,Leukemia,Leukemia
AGGGATGAGGGCATGT-1,Leukemia,Leukemia
AGGGATGCACTTAACG-1,Leukemia,Leukemia
AGGGATGGTCCAAGTT-1,Leukemia,Leukemia
AGGGTGAAGTACGTTC-1,Leukemia,Leukemia
AGGGTGACAAGTTCTG-1,Leukemia,Leukemia
AGGGTGACACAGATTC-1,Leukemia,Leukemia
AGGGTGAGTGACGGTA-1,Leukemia,Leukemia
AGGTCCGTCCGAATGT-1,Leukemia,Leukemia
AGTAGTCCACGAGAGT-1,Leukemia,Leukemia
AGTAGTCGTACAGTGG-1,Leukemia,Leukemia
AGTCTTTGTAGTACCT-1,Leukemia,Leukemia
AGTCTTTTCGCTAGCG-1,Leukemia,Leukemia
AGTGAGGCAGGACCCT-1,Leukemia,Leukemia
AGTGAGGTCTTAGCCC-1,Leukemia,Leukemia
AGTGGGAAGCTCCCAG-1,Leukemia,Leukemia
AGTGGGAAGGATGGAA-1,Leukemia,Leukemia
AGTGGGACATTATCTC-1,Leukemia,Leukemia
AGTGTCAGTTCGCTAA-1,Leukemia,Leukemia
AGTTGGTTCACCGTAA-1,Leukemia,Leukemia
ATAACGCGTCAGAGGT-1,Leukemia,Leukemia
ATAACGCGTTCGTTGA-1,Leukemia,Leukemia
ATAACGCGTTGTTTGG-1,Leukemia,Leukemia
ATAAGAGAGAGACTTA-1,Leukemia,Leukemia
ATAAGAGAGTAGTGCG-1,Leukemia,Leukemia
ATAAGAGCAGATCGGA-1,Leukemia,Leukemia
ATCACGATCAGGCAAG-1,Leukemia,Leukemia
ATCACGATCTTAACCT-1,Leukemia,Leukemia
ATCATCTAGTCAAGCG-1,Leukemia,Leukemia
ATCATGGAGCCCGAAA-1,Leukemia,Leukemia
ATCCACCGTCAATGTC-1,Leukemia,Leukemia
ATCCGAAAGTTCGCAT-1,Leukemia,Leukemia
ATCCGAATCGAGAGCA-1,Leukemia,Leukemia
ATCTACTCAAGCCCAC-1,Leukemia,Leukemia
ATCTACTCAGGGTACA-1,Leukemia,Leukemia
ATCTGCCCAATGGAGC-1,Leukemia,Leukemia
ATGAGGGAGTATCGAA-1,Leukemia,Leukemia
ATGAGGGGTCTACCTC-1,Leukemia,Leukemia
ATGGGAGCAAGAAAGG-1,Leukemia,Leukemia
ATGTGTGTCGTACCGG-1,Leukemia,Leukemia
ATTACTCAGAGGTTGC-1,Leukemia,Leukemia
ATTACTCCAAGCCCAC-1,Leukemia,Leukemia
ATTACTCTCCGCAAGC-1,Leukemia,Leukemia
ATTATCCCACATAACC-1,Leukemia,Leukemia
ATTATCCCAGTCCTTC-1,Leukemia,Leukemia
ATTGGACAGATGAGAG-1,Leukemia,Leukemia
ATTGGACAGTCCTCCT-1,Leukemia,Leukemia
ATTGGACTCACCTTAT-1,Leukemia,Leukemia
ATTTCTGCACGAGAGT-1,Leukemia,Leukemia
ATTTCTGGTTGATTGC-1,Leukemia,Leukemia
ATTTCTGTCCTGTACC-1,Leukemia,Leukemia
ATTTCTGTCTGTTTGT-1,Leukemia,Leukemia
CAACCAACAATCCGAT-1,Leukemia,Leukemia
CAACCAACACTTCGAA-1,Leukemia,Leukemia
CAACCTCAGGTAAACT-1,Leukemia,Leukemia
CAACCTCAGTACATGA-1,Leukemia,Leukemia
CAACCTCTCAGGCCCA-1,Leukemia,Leukemia
CAACTAGCACCTTGTC-1,Leukemia,Leukemia
CAACTAGGTTTGACTG-1,Leukemia,Leukemia
CAAGAAACAATGACCT-1,Leukemia,Leukemia
CAAGAAACACGACTCG-1,Leukemia,Leukemia
CAAGAAACATCCCACT-1,Leukemia,Leukemia
CAAGATCAGGATGGTC-1,Leukemia,Leukemia
CAAGATCCAATACGCT-1,Leukemia,Leukemia
CAAGATCGTATCTGCA-1,Leukemia,Leukemia
CAAGATCTCCGCGGTA-1,Leukemia,Leukemia
CAAGATCTCCTGCAGG-1,Leukemia,Leukemia
CAAGGCCTCTTCATGT-1,Leukemia,Leukemia
CAAGTTGAGCCCAATT-1,Leukemia,Leukemia
CAAGTTGAGTAATCCC-1,Leukemia,Leukemia
CAAGTTGCACTTACGA-1,Leukemia,Leukemia
CAAGTTGTCCCGACTT-1,Leukemia,Leukemia
CACAAACCAAGCTGGA-1,Leukemia,Leukemia
CACAAACCACTGAAGG-1,Leukemia,Leukemia
CACAAACGTAAGTGGC-1,Leukemia,Leukemia
CACACAAAGTTACCCA-1,Leukemia,Leukemia
CACACCTAGTTCCACA-1,Leukemia,Leukemia
CACACCTCACGCGAAA-1,Leukemia,Leukemia
CACACCTTCGACGGAA-1,Leukemia,Leukemia
CACACTCAGCGATTCT-1,Leukemia,Leukemia
CACACTCCACAGGTTT-1,Leukemia,Leukemia
CACAGGCGTAAATGAC-1,Leukemia,Leukemia
CACAGGCTCCCATTAT-1,Leukemia,Leukemia
CACAGTAAGACCCACC-1,Leukemia,Leukemia
CACAGTAAGGGCTTGA-1,Leukemia,Leukemia
CACAGTACAGACTCGC-1,Leukemia,Leukemia
CACAGTAGTAAATGAC-1,Leukemia,Leukemia
CACAGTAGTCAAAGCG-1,Leukemia,Leukemia
CACATAGCAAGCTGGA-1,Leukemia,Leukemia
CACATAGCACACGCTG-1,Leukemia,Leukemia
CACATAGCACTGTTAG-1,Leukemia,Leukemia
CACATTTAGCCGCCTA-1,Leukemia,Leukemia
CACATTTCATACTCTT-1,Leukemia,Leukemia
CACCACTAGATGAGAG-1,Leukemia,Leukemia
CACCACTTCACTATTC-1,Leukemia,Leukemia
CACCAGGAGTACGACG-1,Leukemia,Leukemia
CACCAGGCACGAAAGC-1,Leukemia,Leukemia
CACCTTGAGACGCTTT-1,Leukemia,Leukemia
CACCTTGGTCGAATCT-1,Leukemia,Leukemia
CACCTTGGTTACTGAC-1,Leukemia,Leukemia
CACCTTGTCATCATTC-1,Leukemia,Leukemia
CACTCCACAAGAAAGG-1,Leukemia,Leukemia
CACTCCACAGGTGGAT-1,Leukemia,Leukemia
CACTCCACATGTAGTC-1,Leukemia,Leukemia
CAGAATCAGGCGACAT-1,Leukemia,Leukemia
CAGAATCGTTCTGTTT-1,Leukemia,Leukemia
CAGAATCTCGTACGGC-1,Leukemia,Leukemia
CAGAGAGAGCAATATG-1,Leukemia,Leukemia
CAGAGAGAGTCTTGCA-1,Leukemia,Leukemia
CAGAGAGCACATCCGG-1,Leukemia,Leukemia
CAGATCAAGAGACGAA-1,Leukemia,Leukemia
CAGCAGCCATAGAAAC-1,Leukemia,Leukemia
CAGCAGCGTGTCCTCT-1,Leukemia,Leukemia
CAGCAGCTCCATGCTC-1,Leukemia,Leukemia
CAGCATAGTACGACCC-1,Leukemia,Leukemia
CAGCCGACAGACGCAA-1,Leukemia,Leukemia
CAGCCGATCTTTACGT-1,Leukemia,Leukemia
CAGCTAACAGATCTGT-1,Leukemia,Leukemia
CAGCTAACAGCCTGTG-1,Leukemia,Leukemia
CAGCTAACATGTCCTC-1,Leukemia,Leukemia
CAGCTGGGTAAATGTG-1,Leukemia,Leukemia
CAGGTGCGTACGAAAT-1,Leukemia,Leukemia
CAGGTGCTCATACGGT-1,Leukemia,Leukemia
CAGGTGCTCCTTCAAT-1,Leukemia,Leukemia
CAGTAACAGTTATCGC-1,Leukemia,Leukemia
CAGTAACGTGCAGGTA-1,Leukemia,Leukemia
CAGTAACTCATTCACT-1,Leukemia,Leukemia
CAGTCCTTCTTGTACT-1,Leukemia,Leukemia
CATATGGCAATACGCT-1,Leukemia,Leukemia
CATATGGTCGGCGGTT-1,Leukemia,Leukemia
CATCAAGAGCGTGTCC-1,Leukemia,Leukemia
CATCAGACATGCCACG-1,Leukemia,Leukemia
CATCCACGTTCACCTC-1,Leukemia,Leukemia
CATCCACTCATACGGT-1,Leukemia,Leukemia
CATCGGGCAATACGCT-1,Leukemia,Leukemia
CATCGGGTCCAGGGCT-1,Leukemia,Leukemia
CATGACACAGATGAGC-1,Leukemia,Leukemia
CATGACAGTGTTTGTG-1,Leukemia,Leukemia
CATGACATCCAGAGGA-1,Leukemia,Leukemia
CATGCCTGTTCAGACT-1,Leukemia,Leukemia
CATGGCGCAAAGTGCG-1,Leukemia,Leukemia
CATGGCGTCATCACCC-1,Leukemia,Leukemia
CATTATCGTCAGGACA-1,Leukemia,Leukemia
CATTCGCGTCAACATC-1,Leukemia,Leukemia
CATTCGCGTCTGCCAG-1,Leukemia,Leukemia
CATTCGCTCGGCGCTA-1,Leukemia,Leukemia
CCACCTACAGCTCCGA-1,Leukemia,Leukemia
CCACGGACAGAGCCAA-1,Leukemia,Leukemia
CCAGCGACAATGAATG-1,Leukemia,Leukemia
CCAGCGACACAGCGTC-1,Leukemia,Leukemia
CCAGCGATCAACGGGA-1,Leukemia,Leukemia
CCATGTCCATCCCACT-1,Leukemia,Leukemia
CCATGTCTCAACCATG-1,Leukemia,Leukemia
CCATTCGGTCTCATCC-1,Leukemia,Leukemia
CCCAATCTCACCACCT-1,Leukemia,Leukemia
CCCAGTTAGTCAATAG-1,Leukemia,Leukemia
CCCAGTTCAGGTCGTC-1,Leukemia,Leukemia
CCCAGTTGTTGACGTT-1,Leukemia,Leukemia
CCCTCCTCACGCCAGT-1,Leukemia,Leukemia
CCCTCCTCATCACGTA-1,Leukemia,Leukemia
CCCTCCTGTTATCACG-1,Leukemia,Leukemia
CCGGGATCAATGTTGC-1,Leukemia,Leukemia
CCGTACTTCTGCGACG-1,Leukemia,Leukemia
CCGTGGAAGCATGGCA-1,Leukemia,Leukemia
CCGTGGACACGCTTTC-1,Leukemia,Leukemia
CCGTGGATCATCGCTC-1,Leukemia,Leukemia
CCGTTCAAGATGCCAG-1,Leukemia,Leukemia
CCGTTCAGTTAGTGGG-1,Leukemia,Leukemia
CCTAAAGAGTATCTCG-1,Leukemia,Leukemia
CCTAAAGGTCGCATAT-1,Leukemia,Leukemia
CCTAAAGTCTTATCTG-1,Leukemia,Leukemia
CCTACACAGATGTGGC-1,Leukemia,Leukemia
CCTACACAGCCACGTC-1,Leukemia,Leukemia
CCTACACCAGCGTCCA-1,Leukemia,Leukemia
CCTACACGTGCAGTAG-1,Leukemia,Leukemia
CCTACACTCAAACAAG-1,Leukemia,Leukemia
CCTACCAGTTCCGGCA-1,Leukemia,Leukemia
CCTAGCTAGAAGGACA-1,Leukemia,Leukemia
CCTATTAGTACAGTGG-1,Leukemia,Leukemia
CCTCTGAAGCACCGCT-1,Leukemia,Leukemia
CCTCTGACACGAGAGT-1,Leukemia,Leukemia
CCTCTGACATGCGCAC-1,Leukemia,Leukemia
CCTTACGTCACAGTAC-1,Leukemia,Leukemia
CCTTCCCAGCTAACTC-1,Leukemia,Leukemia
CCTTCCCGTTATCGGT-1,Leukemia,Leukemia
CCTTTCTGTAGATTAG-1,Leukemia,Leukemia
CGAACATAGACAAGCC-1,Leukemia,Leukemia
CGAACATTCTGGCGAC-1,Leukemia,Leukemia
CGACCTTCAGCTTAAC-1,Leukemia,Leukemia
CGACTTCGTTTGTTGG-1,Leukemia,Leukemia
CGACTTCTCTGCAAGT-1,Leukemia,Leukemia
CGACTTCTCTGCAGTA-1,Leukemia,Leukemia
CGAGAAGAGAGCTGGT-1,Leukemia,Leukemia
CGAGAAGCATCGGACC-1,Leukemia,Leukemia
CGAGAAGGTCCAGTAT-1,Leukemia,Leukemia
CGAGCACCACCTTGTC-1,Leukemia,Leukemia
CGAGCACCAGACGTAG-1,Leukemia,Leukemia
CGAGCACGTTACGTCA-1,Leukemia,Leukemia
CGAGCCAAGGTGACCA-1,Leukemia,Leukemia
CGAGCCAGTTAAGACA-1,Leukemia,Leukemia
CGATCGGAGCTTATCG-1,Leukemia,Leukemia
CGATCGGCAATACGCT-1,Leukemia,Leukemia
CGATCGGGTCTTCTCG-1,Leukemia,Leukemia
CGATCGGTCGCGATCG-1,Leukemia,Leukemia
CGATGGCCACTTAACG-1,Leukemia,Leukemia
CGATGGCGTCCGAAGA-1,Leukemia,Leukemia
CGATGTAAGTACGCCC-1,Leukemia,Leukemia
CGATTGAAGACACTAA-1,Leukemia,Leukemia
CGCCAAGTCAACACGT-1,Leukemia,Leukemia
CGCGGTAGTTACCGAT-1,Leukemia,Leukemia
CGCGGTATCACATAGC-1,Leukemia,Leukemia
CGCGTTTGTGTGACCC-1,Leukemia,Leukemia
CGCGTTTTCAGGTTCA-1,Leukemia,Leukemia
CGCTATCCAACACGCC-1,Leukemia,Leukemia
CGCTGGAAGAGGTTAT-1,Leukemia,Leukemia
CGCTGGAGTAAGAGGA-1,Leukemia,Leukemia
CGCTGGATCGCGGATC-1,Leukemia,Leukemia
CGCTTCATCCGCGCAA-1,Leukemia,Leukemia
CGGACACAGGCATGTG-1,Leukemia,Leukemia
CGGACACAGTGCGTGA-1,Leukemia,Leukemia
CGGACACCACTAGTAC-1,Leukemia,Leukemia
CGGACACGTGAAAGAG-1,Leukemia,Leukemia
CGGACTGAGCGATAGC-1,Leukemia,Leukemia
CGGACTGGTGAGTGAC-1,Leukemia,Leukemia
CGGACTGTCCAGATCA-1,Leukemia,Leukemia
CGGAGCTTCTGAAAGA-1,Leukemia,Leukemia
CGGCTAGTCAGTACGT-1,Leukemia,Leukemia
CGGCTAGTCCAAATGC-1,Leukemia,Leukemia
CGGCTAGTCGGTGTTA-1,Leukemia,Leukemia
CGGCTAGTCTGTCAAG-1,Leukemia,Leukemia
CGGGTCACAGTCGTGC-1,Leukemia,Leukemia
CGGGTCAGTTGGTTTG-1,Leukemia,Leukemia
CGTAGCGAGAGTACAT-1,Leukemia,Leukemia
CGTAGCGCAACGATGG-1,Leukemia,Leukemia
CGTAGCGCATCGTCGG-1,Leukemia,Leukemia
CGTAGCGTCAGAGGTG-1,Leukemia,Leukemia
CGTAGGCTCTCTAAGG-1,Leukemia,Leukemia
CGTCACTCACCAGCAC-1,Leukemia,Leukemia
CGTCACTGTGAGTGAC-1,Leukemia,Leukemia
CGTCAGGAGACAGAGA-1,Leukemia,Leukemia
CGTCAGGAGGTACTCT-1,Leukemia,Leukemia
CGTCCATCAAATTGCC-1,Leukemia,Leukemia
CGTCCATGTCTTCAAG-1,Leukemia,Leukemia
CGTCCATTCCTTGCCA-1,Leukemia,Leukemia
CGTCTACAGACACTAA-1,Leukemia,Leukemia
CGTCTACCAAGCCGTC-1,Leukemia,Leukemia
CGTGAGCGTAGTAGTA-1,Leukemia,Leukemia
CGTGAGCGTATAAACG-1,Leukemia,Leukemia
CGTGAGCGTCCGCTGA-1,Leukemia,Leukemia
CGTGTCTCATTCCTGC-1,Leukemia,Leukemia
CGTTAGAAGTTGAGAT-1,Leukemia,Leukemia
CGTTAGACACCTATCC-1,Leukemia,Leukemia
CGTTAGATCTGCCAGG-1,Leukemia,Leukemia
CGTTGGGAGGCGCTCT-1,Leukemia,Leukemia
CGTTGGGAGTTCGATC-1,Leukemia,Leukemia
CTAACTTCAACTGCGC-1,Leukemia,Leukemia
CTAACTTGTGTGAATA-1,Leukemia,Leukemia
CTAACTTTCTCGTATT-1,Leukemia,Leukemia
CTAAGACAGAGTAATC-1,Leukemia,Leukemia
CTAAGACCATGCCTTC-1,Leukemia,Leukemia
CTACACCCACTTAAGC-1,Leukemia,Leukemia
CTACACCTCAAACGGG-1,Leukemia,Leukemia
CTACATTAGATATGGT-1,Leukemia,Leukemia
CTACATTCAACTTGAC-1,Leukemia,Leukemia
CTACATTCATGCCTAA-1,Leukemia,Leukemia
CTACCCATCCCAAGTA-1,Leukemia,Leukemia
CTACGTCCACCTATCC-1,Leukemia,Leukemia
CTACGTCTCAGTCAGT-1,Leukemia,Leukemia
CTAGAGTAGTCATCCA-1,Leukemia,Leukemia
CTAGCCTAGCTCCTCT-1,Leukemia,Leukemia
CTAGCCTAGCTCTCGG-1,Leukemia,Leukemia
CTAGCCTCAAGCCTAT-1,Leukemia,Leukemia
CTAGCCTCAGTGAGTG-1,Leukemia,Leukemia
CTAGCCTGTGATAAGT-1,Leukemia,Leukemia
CTAGTGAAGTGGACGT-1,Leukemia,Leukemia
CTAGTGATCGTTTATC-1,Leukemia,Leukemia
CTAGTGATCTTTAGTC-1,Leukemia,Leukemia
CTCACACAGTCGTACT-1,Leukemia,Leukemia
CTCACACCAAAGTGCG-1,Leukemia,Leukemia
CTCACACTCTCATTCA-1,Leukemia,Leukemia
CTCAGAACATTCACTT-1,Leukemia,Leukemia
CTCATTACACAGAGGT-1,Leukemia,Leukemia
CTCATTATCGCGCCAA-1,Leukemia,Leukemia
CTCATTATCGTCCGTT-1,Leukemia,Leukemia
CTCCTAGTCAACGCTA-1,Leukemia,Leukemia
CTCGAAAAGACACGAC-1,Leukemia,Leukemia
CTCGAAAAGAGGTTAT-1,Leukemia,Leukemia
CTCGAAAAGAGGTTGC-1,Leukemia,Leukemia
CTCGAAAAGTAATCCC-1,Leukemia,Leukemia
CTCGAAACAGTCCTTC-1,Leukemia,Leukemia
CTCGAAACATATGGTC-1,Leukemia,Leukemia
CTCGAAATCCGAGCCA-1,Leukemia,Leukemia
CTCGAGGAGTATCTCG-1,Leukemia,Leukemia
CTCGGAGAGGAGTCTG-1,Leukemia,Leukemia
CTCGGAGTCACGATGT-1,Leukemia,Leukemia
CTCGGGACATCAGTCA-1,Leukemia,Leukemia
CTCGGGACATTAGGCT-1,Leukemia,Leukemia
CTCGGGATCTCTGAGA-1,Leukemia,Leukemia
CTCGTACAGAAGAAGC-1,Leukemia,Leukemia
CTCGTACGTGCAGACA-1,Leukemia,Leukemia
CTCGTACGTGGCTCCA-1,Leukemia,Leukemia
CTCGTCATCCGCAAGC-1,Leukemia,Leukemia
CTCGTCATCTTAGCCC-1,Leukemia,Leukemia
CTCTAATAGGCACATG-1,Leukemia,Leukemia
CTCTAATCAGTCAGCC-1,Leukemia,Leukemia
CTCTAATGTTGTTTGG-1,Leukemia,Leukemia
CTCTACGAGCTGTCTA-1,Leukemia,Leukemia
CTCTACGGTACCCAAT-1,Leukemia,Leukemia
CTCTACGGTCCGACGT-1,Leukemia,Leukemia
CTCTACGGTGGTACAG-1,Leukemia,Leukemia
CTCTACGTCAGTTAGC-1,Leukemia,Leukemia
CTCTGGTAGGGATACC-1,Leukemia,Leukemia
CTCTGGTCAGCTGTGC-1,Leukemia,Leukemia
CTCTGGTTCCCAGGTG-1,Leukemia,Leukemia
CTCTGGTTCGGCTTGG-1,Leukemia,Leukemia
CTCTGGTTCTGTACGA-1,Leukemia,Leukemia
CTGAAACTCGTGACAT-1,Leukemia,Leukemia
CTGAAGTCACCGGAAA-1,Leukemia,Leukemia
CTGAAGTGTGCAGGTA-1,Leukemia,Leukemia
CTGAAGTTCCGCGCAA-1,Leukemia,Leukemia
CTGAAGTTCTGTTTGT-1,Leukemia,Leukemia
CTGAAGTTCTTGACGA-1,Leukemia,Leukemia
CTGAAGTTCTTGTTTG-1,Leukemia,Leukemia
CTGATAGAGACAGACC-1,Leukemia,Leukemia
CTGATAGAGAGCTTCT-1,Leukemia,Leukemia
CTGATAGAGTCCCACG-1,Leukemia,Leukemia
CTGATAGTCCATTCTA-1,Leukemia,Leukemia
CTGATAGTCTCGGACG-1,Leukemia,Leukemia
CTGATCCAGACAGAGA-1,Leukemia,Leukemia
CTGATCCCAAAGGAAG-1,Leukemia,Leukemia
CTGATCCGTGACCAAG-1,Leukemia,Leukemia
CTGCCTAAGTAGGCCA-1,Leukemia,Leukemia
CTGCCTAGTACTCGCG-1,Leukemia,Leukemia
CTGCCTAGTTCCACTC-1,Leukemia,Leukemia
CTGCGGAGTCTCAACA-1,Leukemia,Leukemia
CTGCTGTAGATCTGAA-1,Leukemia,Leukemia
CTGCTGTAGGGCATGT-1,Leukemia,Leukemia
CTGGTCTCATCACCCT-1,Leukemia,Leukemia
CTGGTCTGTACAAGTA-1,Leukemia,Leukemia
CTGGTCTTCCTTGGTC-1,Leukemia,Leukemia
CTGTGCTTCTCTGCTG-1,Leukemia,Leukemia
CTGTTTACAAGGACAC-1,Leukemia,Leukemia
CTGTTTAGTCAGTGGA-1,Leukemia,Leukemia
CTGTTTATCCTAGGGC-1,Leukemia,Leukemia
CTGTTTATCTGATACG-1,Leukemia,Leukemia
CTTAACTCAACTGGCC-1,Leukemia,Leukemia
CTTAACTCAGGTTTCA-1,Leukemia,Leukemia
CTTACCGAGTCCGGTC-1,Leukemia,Leukemia
CTTACCGTCAACCATG-1,Leukemia,Leukemia
CTTAGGAAGAGTGACC-1,Leukemia,Leukemia
CTTAGGAAGCCGGTAA-1,Leukemia,Leukemia
CTTAGGAAGGCAATTA-1,Leukemia,Leukemia
CTTCTCTAGATGGGTC-1,Leukemia,Leukemia
CTTCTCTCACCGGAAA-1,Leukemia,Leukemia
CTTGGCTTCTGTTTGT-1,Leukemia,Leukemia
CTTTGCGAGAATCTCC-1,Leukemia,Leukemia
CTTTGCGAGGCACATG-1,Leukemia,Leukemia
CTTTGCGCAGTGGGAT-1,Leukemia,Leukemia
CTTTGCGGTCCGCTGA-1,Leukemia,Leukemia
GAAACTCTCGCATGGC-1,Leukemia,Leukemia
GAAATGAAGTTACGGG-1,Leukemia,Leukemia
GAACATCCAGGAACGT-1,Leukemia,Leukemia
GAACCTAAGTCAATAG-1,Leukemia,Leukemia
GAACGGAAGACGACGT-1,Leukemia,Leukemia
GAACGGAGTAAGAGAG-1,Leukemia,Leukemia
GAACGGAGTAAGTAGT-1,Leukemia,Leukemia
GAACGGAGTATAGGGC-1,Leukemia,Leukemia
GAACGGAGTTAAGTAG-1,Leukemia,Leukemia
GAACGGATCTGACCTC-1,Leukemia,Leukemia
GAAGCAGCAAACGCGA-1,Leukemia,Leukemia
GAAGCAGCAAGCGAGT-1,Leukemia,Leukemia
GAATAAGGTTCTGGTA-1,Leukemia,Leukemia
GAATGAACACCGATAT-1,Leukemia,Leukemia
GACACGCCAGATCTGT-1,Leukemia,Leukemia
GACAGAGAGACACGAC-1,Leukemia,Leukemia
GACAGAGAGCCACCTG-1,Leukemia,Leukemia
GACAGAGAGCCCTAAT-1,Leukemia,Leukemia
GACAGAGAGCTAGTGG-1,Leukemia,Leukemia
GACAGAGCACTGTTAG-1,Leukemia,Leukemia
GACAGAGTCTTAGCCC-1,Leukemia,Leukemia
GACCAATTCCAAGCCG-1,Leukemia,Leukemia
GACCAATTCTCGATGA-1,Leukemia,Leukemia
GACCAATTCTTTCCTC-1,Leukemia,Leukemia
GACCTGGAGATGGGTC-1,Leukemia,Leukemia
GACCTGGAGTTCCACA-1,Leukemia,Leukemia
GACCTGGTCCGCAAGC-1,Leukemia,Leukemia
GACGCGTGTCTTCGTC-1,Leukemia,Leukemia
GACGGCTGTAAGGATT-1,Leukemia,Leukemia
GACGGCTTCAGCCTAA-1,Leukemia,Leukemia
GACGGCTTCAGCGACC-1,Leukemia,Leukemia
GACGTGCTCGCACTCT-1,Leukemia,Leukemia
GACGTTAAGAATCTCC-1,Leukemia,Leukemia
GACTAACAGAGACTTA-1,Leukemia,Leukemia
GACTAACGTCTCCACT-1,Leukemia,Leukemia
GACTGCGAGACAAGCC-1,Leukemia,Leukemia
GACTGCGCAGATGGGT-1,Leukemia,Leukemia
GACTGCGTCCTCGCAT-1,Leukemia,Leukemia
GAGCAGAGTGTGACGA-1,Leukemia,Leukemia
GAGGTGACATTAGGCT-1,Leukemia,Leukemia
GAGGTGAGTCGCGAAA-1,Leukemia,Leukemia
GAGTCCGAGACTAAGT-1,Leukemia,Leukemia
GAGTCCGAGATGCGAC-1,Leukemia,Leukemia
GAGTCCGAGCTGATAA-1,Leukemia,Leukemia
GAGTCCGAGTCTCCTC-1,Leukemia,Leukemia
GATCAGTAGACTAGGC-1,Leukemia,Leukemia
GATCAGTCATCACAAC-1,Leukemia,Leukemia
GATCAGTTCAACACCA-1,Leukemia,Leukemia
GATCAGTTCGTTTATC-1,Leukemia,Leukemia
GATCGATGTACCTACA-1,Leukemia,Leukemia
GATCGCGGTCCTCTTG-1,Leukemia,Leukemia
GATCGTACACAGTCGC-1,Leukemia,Leukemia
GATCGTATCAACCATG-1,Leukemia,Leukemia
GATCGTATCCACGACG-1,Leukemia,Leukemia
GATCTAGAGATGTCGG-1,Leukemia,Leukemia
GATCTAGGTATATCCG-1,Leukemia,Leukemia
GATGAAAAGAACTGTA-1,Leukemia,Leukemia
GATGAAATCACATGCA-1,Leukemia,Leukemia
GATGAAATCATCTGTT-1,Leukemia,Leukemia
GATGAAATCGTTTGCC-1,Leukemia,Leukemia
GATGCTACACCTCGTT-1,Leukemia,Leukemia
GATGCTACAGCTGCTG-1,Leukemia,Leukemia
GATGCTATCGTCCAGG-1,Leukemia,Leukemia
GATTCAGAGCATGGCA-1,Leukemia,Leukemia
GATTCAGGTGTATGGG-1,Leukemia,Leukemia
GCAAACTTCTTTACGT-1,Leukemia,Leukemia
GCAATCAGTAAACGCG-1,Leukemia,Leukemia
GCAATCAGTGTGAATA-1,Leukemia,Leukemia
GCACATAAGCTCAACT-1,Leukemia,Leukemia
GCACATAAGTGACTCT-1,Leukemia,Leukemia
GCACTCTGTATGAATG-1,Leukemia,Leukemia
GCACTCTGTTAAGAAC-1,Leukemia,Leukemia
GCAGCCATCAGCAACT-1,Leukemia,Leukemia
GCATACAAGAACTCGG-1,Leukemia,Leukemia
GCATGATAGATGTAAC-1,Leukemia,Leukemia
GCATGCGAGACTACAA-1,Leukemia,Leukemia
GCATGCGAGTGGTAGC-1,Leukemia,Leukemia
GCATGCGTCCTTCAAT-1,Leukemia,Leukemia
GCATGTACAGCTGCTG-1,Leukemia,Leukemia
GCATGTAGTCTAAACC-1,Leukemia,Leukemia
GCATGTAGTCTGCAAT-1,Leukemia,Leukemia
GCCTCTACAGCTTCGG-1,Leukemia,Leukemia
GCCTCTACATTTGCCC-1,Leukemia,Leukemia
GCCTCTAGTTGGTGGA-1,Leukemia,Leukemia
GCCTCTAGTTTGTGTG-1,Leukemia,Leukemia
GCCTCTATCGCAAGCC-1,Leukemia,Leukemia
GCGAGAAGTGGCTCCA-1,Leukemia,Leukemia
GCGAGAATCCGCAAGC-1,Leukemia,Leukemia
GCGCAGTCATCTCGCT-1,Leukemia,Leukemia
GCGCAGTGTGCCTGGT-1,Leukemia,Leukemia
GCGCAGTGTGCGAAAC-1,Leukemia,Leukemia
GCGCCAAAGACATAAC-1,Leukemia,Leukemia
GCGCCAAAGATATGCA-1,Leukemia,Leukemia
GCGCCAACAGATGGCA-1,Leukemia,Leukemia
GCGCCAAGTCCAGTAT-1,Leukemia,Leukemia
GCGCCAAGTCGAACAG-1,Leukemia,Leukemia
GCGCCAATCATCTGCC-1,Leukemia,Leukemia
GCGCCAATCATCTGTT-1,Leukemia,Leukemia
GCGCCAATCATGCAAC-1,Leukemia,Leukemia
GCGCGATAGGGTTTCT-1,Leukemia,Leukemia
GCGGGTTGTCATATCG-1,Leukemia,Leukemia
GCGGGTTGTTCTGAAC-1,Leukemia,Leukemia
GCTCTGTCAGCGTCCA-1,Leukemia,Leukemia
GCTCTGTTCATGCAAC-1,Leukemia,Leukemia
GCTGCAGTCACCAGGC-1,Leukemia,Leukemia
GCTGCAGTCAGTCCCT-1,Leukemia,Leukemia
GCTGCAGTCCATGAAC-1,Leukemia,Leukemia
GCTTCCACAGGATTGG-1,Leukemia,Leukemia
GCTTGAAGTATAATGG-1,Leukemia,Leukemia
GCTTGAAGTCTCACCT-1,Leukemia,Leukemia
GCTTGAAGTCTCCCTA-1,Leukemia,Leukemia
GCTTGAAGTGGCAAAC-1,Leukemia,Leukemia
GCTTGAAGTGTGAAAT-1,Leukemia,Leukemia
GGAAAGCAGACTAGGC-1,Leukemia,Leukemia
GGAAAGCAGAGTAATC-1,Leukemia,Leukemia
GGAAAGCGTGTAATGA-1,Leukemia,Leukemia
GGAACTTGTCCGTGAC-1,Leukemia,Leukemia
GGAACTTTCGTACGGC-1,Leukemia,Leukemia
GGACAAGGTGCACGAA-1,Leukemia,Leukemia
GGACATTAGCGTTGCC-1,Leukemia,Leukemia
GGACATTAGTGCAAGC-1,Leukemia,Leukemia
GGACATTGTGAGGGTT-1,Leukemia,Leukemia
GGACATTGTGCGAAAC-1,Leukemia,Leukemia
GGACGTCCAAATCCGT-1,Leukemia,Leukemia
GGACGTCCAATGTAAG-1,Leukemia,Leukemia
GGAGCAAAGTGCCAGA-1,Leukemia,Leukemia
GGAGCAAAGTGTTTGC-1,Leukemia,Leukemia
GGAGCAACACATGGGA-1,Leukemia,Leukemia
GGAGCAACATATGAGA-1,Leukemia,Leukemia
GGATGTTGTGAAATCA-1,Leukemia,Leukemia
GGATTACTCCGCGTTT-1,Leukemia,Leukemia
GGATTACTCGCTTGTC-1,Leukemia,Leukemia
GGCAATTAGAGTCTGG-1,Leukemia,Leukemia
GGCCGATCATAGTAAG-1,Leukemia,Leukemia
GGCGACTCAGCGTCCA-1,Leukemia,Leukemia
GGCGACTGTTCTGTTT-1,Leukemia,Leukemia
GGCGACTTCTGTTTGT-1,Leukemia,Leukemia
GGCGTGTGTCCTAGCG-1,Leukemia,Leukemia
GGCTCGAGTGGTTTCA-1,Leukemia,Leukemia
GGCTGGTAGAACTGTA-1,Leukemia,Leukemia
GGCTGGTCACTGCCAG-1,Leukemia,Leukemia
GGCTGGTGTAGCCTCG-1,Leukemia,Leukemia
GGCTGGTGTCAGAAGC-1,Leukemia,Leukemia
GGGAATGAGGCTCTTA-1,Leukemia,Leukemia
GGGAATGCAGGATCGA-1,Leukemia,Leukemia
GGGAATGTCGTAGGTT-1,Leukemia,Leukemia
GGGAATGTCGTATCAG-1,Leukemia,Leukemia
GGGACCTCAGACGCAA-1,Leukemia,Leukemia
GGGAGATGTGCCTGTG-1,Leukemia,Leukemia
GGGATGACACTTGGAT-1,Leukemia,Leukemia
GGGATGATCGTACGGC-1,Leukemia,Leukemia
GGGATGATCTCCTATA-1,Leukemia,Leukemia
GGGCACTCATAAGACA-1,Leukemia,Leukemia
GGGCACTGTTATGCGT-1,Leukemia,Leukemia
GGGCATCCAAGTAGTA-1,Leukemia,Leukemia
GGGTCTGAGAGGACGG-1,Leukemia,Leukemia
GGGTCTGTCTCGGACG-1,Leukemia,Leukemia
GGTATTGCAGTGACAG-1,Leukemia,Leukemia
GGTATTGCATTCACTT-1,Leukemia,Leukemia
GGTGAAGCACGTCAGC-1,Leukemia,Leukemia
GGTGAAGCATATGCTG-1,Leukemia,Leukemia
GGTGAAGGTACGCTGC-1,Leukemia,Leukemia
GGTGAAGTCGATCCCT-1,Leukemia,Leukemia
GGTGCGTGTCCGAGTC-1,Leukemia,Leukemia
GGTGTTAAGCTACCTA-1,Leukemia,Leukemia
GGTGTTAGTACGCTGC-1,Leukemia,Leukemia
GGTGTTAGTTTCGCTC-1,Leukemia,Leukemia
GGTGTTATCGCCTGAG-1,Leukemia,Leukemia
GTAACGTCACGGCGTT-1,Leukemia,Leukemia
GTAACGTCATAAAGGT-1,Leukemia,Leukemia
GTAACGTTCGCCCTTA-1,Leukemia,Leukemia
GTAACTGAGACTTGAA-1,Leukemia,Leukemia
GTAACTGGTTACGGAG-1,Leukemia,Leukemia
GTAACTGTCCTGCCAT-1,Leukemia,Leukemia
GTACGTAAGACAGACC-1,Leukemia,Leukemia
GTACGTAGTGATAAAC-1,Leukemia,Leukemia
GTACTCCCAATGTAAG-1,Leukemia,Leukemia
GTACTTTAGGTCATCT-1,Leukemia,Leukemia
GTACTTTGTGCCTGGT-1,Leukemia,Leukemia
GTACTTTTCCAATGGT-1,Leukemia,Leukemia
GTAGGCCCACGTGAGA-1,Leukemia,Leukemia
GTAGTCAGTACAGCAG-1,Leukemia,Leukemia
GTATCTTTCTCATTCA-1,Leukemia,Leukemia
GTATTCTCAGATGGCA-1,Leukemia,Leukemia
GTCAAGTCAAGTCATC-1,Leukemia,Leukemia
GTCAAGTCATTAGGCT-1,Leukemia,Leukemia
GTCACAAAGACTTGAA-1,Leukemia,Leukemia
GTCACAAAGGTGCAAC-1,Leukemia,Leukemia
GTCACAATCAGTTTGG-1,Leukemia,Leukemia
GTCACGGAGATCCGAG-1,Leukemia,Leukemia
GTCACGGCAAGGTGTG-1,Leukemia,Leukemia
GTCACGGCACGAAGCA-1,Leukemia,Leukemia
GTCACGGTCATTCACT-1,Leukemia,Leukemia
GTCATTTAGAAACCAT-1,Leukemia,Leukemia
GTCATTTCAACAACCT-1,Leukemia,Leukemia
GTCATTTTCGGTCTAA-1,Leukemia,Leukemia
GTCCTCACAATCGGTT-1,Leukemia,Leukemia
GTCCTCACATCCGCGA-1,Leukemia,Leukemia
GTCGGGTTCCTGCCAT-1,Leukemia,Leukemia
GTCGGGTTCGACCAGC-1,Leukemia,Leukemia
GTCGTAACAACACCCG-1,Leukemia,Leukemia
GTCGTAAGTCATACTG-1,Leukemia,Leukemia
GTCTCGTTCTGCTTGC-1,Leukemia,Leukemia
GTCTTCGCAATCTACG-1,Leukemia,Leukemia
GTCTTCGTCACATGCA-1,Leukemia,Leukemia
GTCTTCGTCCAAACTG-1,Leukemia,Leukemia
GTGAAGGGTGAGTGAC-1,Leukemia,Leukemia
GTGCAGCCAGCCTGTG-1,Leukemia,Leukemia
GTGCAGCGTCAATGTC-1,Leukemia,Leukemia
GTGCATAAGTTGCAGG-1,Leukemia,Leukemia
GTGCATAGTTCGAATC-1,Leukemia,Leukemia
GTGCGGTAGGAGTACC-1,Leukemia,Leukemia
GTGCTTCCAATGGATA-1,Leukemia,Leukemia
GTGGGTCTCAGTGTTG-1,Leukemia,Leukemia
GTGGGTCTCCATGAGT-1,Leukemia,Leukemia
GTGTGCGAGTGGGATC-1,Leukemia,Leukemia
GTGTGCGCAAATCCGT-1,Leukemia,Leukemia
GTGTGCGCAGTATAAG-1,Leukemia,Leukemia
GTGTGCGGTGTGAAAT-1,Leukemia,Leukemia
GTGTTAGCATGGTAGG-1,Leukemia,Leukemia
GTGTTAGGTCCATCCT-1,Leukemia,Leukemia
GTGTTAGGTTGGACCC-1,Leukemia,Leukemia
GTGTTAGGTTGGAGGT-1,Leukemia,Leukemia
GTTAAGCAGGCTAGCA-1,Leukemia,Leukemia
GTTACAGGTAGAGCTG-1,Leukemia,Leukemia
GTTACAGGTCTTCTCG-1,Leukemia,Leukemia
GTTCATTAGACCTTTG-1,Leukemia,Leukemia
GTTCATTGTATCACCA-1,Leukemia,Leukemia
GTTCATTGTGGCTCCA-1,Leukemia,Leukemia
GTTCGGGAGCAGCCTC-1,Leukemia,Leukemia
GTTCTCGAGTGAAGTT-1,Leukemia,Leukemia
GTTCTCGGTTCAGCGC-1,Leukemia,Leukemia
GTTTCTAAGAGTACCG-1,Leukemia,Leukemia
GTTTCTAAGGGATACC-1,Leukemia,Leukemia
GTTTCTACACCTTGTC-1,Leukemia,Leukemia
TAAACCGAGGACATTA-1,Leukemia,Leukemia
TAAACCGAGGATCGCA-1,Leukemia,Leukemia
TAAGAGAAGTCGTACT-1,Leukemia,Leukemia
TAAGAGATCACCACCT-1,Leukemia,Leukemia
TAAGCGTGTTATCGGT-1,Leukemia,Leukemia
TAAGCGTTCTCTAAGG-1,Leukemia,Leukemia
TAAGTGCAGGCACATG-1,Leukemia,Leukemia
TAAGTGCGTGTCGCTG-1,Leukemia,Leukemia
TACACGAAGGAGTCTG-1,Leukemia,Leukemia
TACACGACATTGGCGC-1,Leukemia,Leukemia
TACAGTGAGGGTCGAT-1,Leukemia,Leukemia
TACAGTGAGTCCTCCT-1,Leukemia,Leukemia
TACCTATTCACCCTCA-1,Leukemia,Leukemia
TACCTTAGTAACGACG-1,Leukemia,Leukemia
TACGGATAGCTAGTCT-1,Leukemia,Leukemia
TACGGATCAATAAGCA-1,Leukemia,Leukemia
TACGGATGTCCGAGTC-1,Leukemia,Leukemia
TACGGGCGTATGAATG-1,Leukemia,Leukemia
TACGGGCTCAGGCAAG-1,Leukemia,Leukemia
TACGGGCTCCAACCAA-1,Leukemia,Leukemia
TACTCGCTCCCTAATT-1,Leukemia,Leukemia
TACTTGTCACAAGACG-1,Leukemia,Leukemia
TACTTGTTCTCGAGTA-1,Leukemia,Leukemia
TAGAGCTCATGCCTAA-1,Leukemia,Leukemia
TAGCCGGGTAGAAAGG-1,Leukemia,Leukemia
TAGCCGGGTCGCATCG-1,Leukemia,Leukemia
TAGGCATAGCCAGAAC-1,Leukemia,Leukemia
TAGGCATCACATGTGT-1,Leukemia,Leukemia
TAGGCATCAGGAACGT-1,Leukemia,Leukemia
TAGTTGGCAGCTTCGG-1,Leukemia,Leukemia
TAGTTGGCATCCCATC-1,Leukemia,Leukemia
TATCTCAAGACGCACA-1,Leukemia,Leukemia
TATCTCACAAAGGTGC-1,Leukemia,Leukemia
TATCTCACAGCTCCGA-1,Leukemia,Leukemia
TATCTCAGTTGCGTTA-1,Leukemia,Leukemia
TATGCCCAGCGTTTAC-1,Leukemia,Leukemia
TATGCCCAGTGTCCCG-1,Leukemia,Leukemia
TATGCCCCACCGTTGG-1,Leukemia,Leukemia
TATGCCCGTCACCCAG-1,Leukemia,Leukemia
TATGCCCTCAGGTTCA-1,Leukemia,Leukemia
TCAACGACAAGCCATT-1,Leukemia,Leukemia
TCAACGACACAACTGT-1,Leukemia,Leukemia
TCAACGAGTTAAGGGC-1,Leukemia,Leukemia
TCAACGAGTTGGTAAA-1,Leukemia,Leukemia
TCAATCTCAAGTCATC-1,Leukemia,Leukemia
TCAATCTCATGTCGAT-1,Leukemia,Leukemia
TCAATCTCATTGGTAC-1,Leukemia,Leukemia
TCACAAGAGCAGATCG-1,Leukemia,Leukemia
TCACAAGGTCACACGC-1,Leukemia,Leukemia
TCACGAAAGCCTTGAT-1,Leukemia,Leukemia
TCACGAACAATCACAC-1,Leukemia,Leukemia
TCACGAACATAGAAAC-1,Leukemia,Leukemia
TCACGAAGTTTAGCTG-1,Leukemia,Leukemia
TCAGATGAGCTCTCGG-1,Leukemia,Leukemia
TCAGATGCAAAGGAAG-1,Leukemia,Leukemia
TCAGATGCAGACGTAG-1,Leukemia,Leukemia
TCAGCAAAGGCTCTTA-1,Leukemia,Leukemia
TCAGCAAAGTAGTGCG-1,Leukemia,Leukemia
TCAGCAATCACTTACT-1,Leukemia,Leukemia
TCAGCTCCACGAAGCA-1,Leukemia,Leukemia
TCAGCTCGTGGTTTCA-1,Leukemia,Leukemia
TCAGCTCTCTGCTGTC-1,Leukemia,Leukemia
TCAGGATCACGAAGCA-1,Leukemia,Leukemia
TCAGGTAAGAAGAAGC-1,Leukemia,Leukemia
TCAGGTAAGAATGTTG-1,Leukemia,Leukemia
TCAGGTACAGCCACCA-1,Leukemia,Leukemia
TCAGGTACATCACCCT-1,Leukemia,Leukemia
TCAGGTATCACGACTA-1,Leukemia,Leukemia
TCAGGTATCTTGACGA-1,Leukemia,Leukemia
TCAGGTATCTTTACAC-1,Leukemia,Leukemia
TCATTTGCACACTGCG-1,Leukemia,Leukemia
TCATTTGTCGGCTTGG-1,Leukemia,Leukemia
TCCACACAGGTTCCTA-1,Leukemia,Leukemia
TCGAGGCGTCTCCACT-1,Leukemia,Leukemia
TCGCGAGGTCAGTGGA-1,Leukemia,Leukemia
TCGCGTTCATTCCTCG-1,Leukemia,Leukemia
TCGTACCAGGGTGTGT-1,Leukemia,Leukemia
TCGTACCCAGTCAGCC-1,Leukemia,Leukemia
TCGTACCCATCCAACA-1,Leukemia,Leukemia
TCGTACCGTACTTAGC-1,Leukemia,Leukemia
TCGTACCTCATGTCTT-1,Leukemia,Leukemia
TCGTAGAGTTGTTTGG-1,Leukemia,Leukemia
TCGTAGATCGCTTGTC-1,Leukemia,Leukemia
TCTATTGCAATCCGAT-1,Leukemia,Leukemia
TCTATTGCAGGATTGG-1,Leukemia,Leukemia
TCTATTGTCACGACTA-1,Leukemia,Leukemia
TCTATTGTCCAGAAGG-1,Leukemia,Leukemia
TCTGAGAAGATATGCA-1,Leukemia,Leukemia
TCTGAGAGTTAGAACA-1,Leukemia,Leukemia
TCTGGAACAATAACGA-1,Leukemia,Leukemia
TCTGGAATCTGGTGTA-1,Leukemia,Leukemia
TCTTCGGGTTTAGCTG-1,Leukemia,Leukemia
TCTTTCCAGAGGTTAT-1,Leukemia,Leukemia
TGACAACCAATGAATG-1,Leukemia,Leukemia
TGACAACCATCCTAGA-1,Leukemia,Leukemia
TGACAACTCGGAGCAA-1,Leukemia,Leukemia
TGACAACTCTGGGCCA-1,Leukemia,Leukemia
TGACAACTCTTTCCTC-1,Leukemia,Leukemia
TGACGGCAGGCCCTTG-1,Leukemia,Leukemia
TGACGGCAGTGGTCCC-1,Leukemia,Leukemia
TGACTAGCAAGCCATT-1,Leukemia,Leukemia
TGACTAGTCAAGGCTT-1,Leukemia,Leukemia
TGACTAGTCATAACCG-1,Leukemia,Leukemia
TGACTTTAGACGACGT-1,Leukemia,Leukemia
TGACTTTAGCCCTAAT-1,Leukemia,Leukemia
TGACTTTCAACGATGG-1,Leukemia,Leukemia
TGACTTTTCACTTCAT-1,Leukemia,Leukemia
TGAGAGGTCAGGTTCA-1,Leukemia,Leukemia
TGAGCCGAGGCATTGG-1,Leukemia,Leukemia
TGAGCCGAGTTGTAGA-1,Leukemia,Leukemia
TGAGGGAAGCTCCCAG-1,Leukemia,Leukemia
TGAGGGACAACTGCTA-1,Leukemia,Leukemia
TGATTTCAGTCTCCTC-1,Leukemia,Leukemia
TGATTTCGTAAATACG-1,Leukemia,Leukemia
TGATTTCGTGTGGTTT-1,Leukemia,Leukemia
TGATTTCTCTTCGAGA-1,Leukemia,Leukemia
TGCACCTAGCGTCAAG-1,Leukemia,Leukemia
TGCACCTGTACTTGAC-1,Leukemia,Leukemia
TGCACCTTCTAACCGA-1,Leukemia,Leukemia
TGCCAAAGTATCAGTC-1,Leukemia,Leukemia
TGCCAAAGTCGGCACT-1,Leukemia,Leukemia
TGCCAAATCCAGATCA-1,Leukemia,Leukemia
TGCCCATAGCGATCCC-1,Leukemia,Leukemia
TGCCCATAGTCTCAAC-1,Leukemia,Leukemia
TGCCCATCAAACGTGG-1,Leukemia,Leukemia
TGCCCTAAGAGCTGCA-1,Leukemia,Leukemia
TGCCCTAAGGCCGAAT-1,Leukemia,Leukemia
TGCCCTACACGACGAA-1,Leukemia,Leukemia
TGCCCTAGTAGTACCT-1,Leukemia,Leukemia
TGCGCAGAGGATGCGT-1,Leukemia,Leukemia
TGCGCAGAGGCGCTCT-1,Leukemia,Leukemia
TGCGCAGCACGGTAGA-1,Leukemia,Leukemia
TGCGGGTAGACTGGGT-1,Leukemia,Leukemia
TGCGGGTTCTCCCTGA-1,Leukemia,Leukemia
TGCTACCTCAATAAGG-1,Leukemia,Leukemia
TGCTGCTAGTGTCCCG-1,Leukemia,Leukemia
TGCTGCTTCCAGAGGA-1,Leukemia,Leukemia
TGGACGCGTGAACCTT-1,Leukemia,Leukemia
TGGACGCTCACCATAG-1,Leukemia,Leukemia
TGGACGCTCCATGAAC-1,Leukemia,Leukemia
TGGACGCTCGGCTACG-1,Leukemia,Leukemia
TGGCCAGAGCGTAGTG-1,Leukemia,Leukemia
TGGCCAGTCAACACTG-1,Leukemia,Leukemia
TGGCCAGTCACATGCA-1,Leukemia,Leukemia
TGGCTGGAGGACACCA-1,Leukemia,Leukemia
TGGGAAGAGAAGGGTA-1,Leukemia,Leukemia
TGGGCGTCAAGTCTGT-1,Leukemia,Leukemia
TGGTTAGTCCCACTTG-1,Leukemia,Leukemia
TGGTTCCAGCGGCTTC-1,Leukemia,Leukemia
TGGTTCCGTTGAACTC-1,Leukemia,Leukemia
TGTATTCAGCAGCCTC-1,Leukemia,Leukemia
TGTATTCAGCCGATTT-1,Leukemia,Leukemia
TGTATTCAGTGTACGG-1,Leukemia,Leukemia
TGTATTCCAGATGAGC-1,Leukemia,Leukemia
TGTATTCGTTACAGAA-1,Leukemia,Leukemia
TGTATTCTCGATAGAA-1,Leukemia,Leukemia
TGTGGTATCCTTGACC-1,Leukemia,Leukemia
TGTGGTATCCTTGCCA-1,Leukemia,Leukemia
TGTGTTTCAGGTGCCT-1,Leukemia,Leukemia
TGTGTTTTCCTAAGTG-1,Leukemia,Leukemia
TGTTCCGAGCGATAGC-1,Leukemia,Leukemia
TGTTCCGAGCTACCGC-1,Leukemia,Leukemia
TGTTCCGCAGGCTGAA-1,Leukemia,Leukemia
TGTTCCGGTCTAACGT-1,Leukemia,Leukemia
TTAACTCTCCAAACTG-1,Leukemia,Leukemia
TTAACTCTCTGCTGCT-1,Leukemia,Leukemia
TTAGGACCAAGCCATT-1,Leukemia,Leukemia
TTAGGACCAGTTCATG-1,Leukemia,Leukemia
TTAGGACGTTAAGACA-1,Leukemia,Leukemia
TTAGGACTCCATGCTC-1,Leukemia,Leukemia
TTAGGCACACAGTCGC-1,Leukemia,Leukemia
TTAGTTCAGACACTAA-1,Leukemia,Leukemia
TTAGTTCAGGCGCTCT-1,Leukemia,Leukemia
TTAGTTCCAGAAGCAC-1,Leukemia,Leukemia
TTCCCAGTCTCCAGGG-1,Leukemia,Leukemia
TTCGAAGCAGTGGGAT-1,Leukemia,Leukemia
TTCGGTCAGTCCTCCT-1,Leukemia,Leukemia
TTCGGTCCACATGTGT-1,Leukemia,Leukemia
TTCTACAAGACGCAAC-1,Leukemia,Leukemia
TTCTACACACAGATTC-1,Leukemia,Leukemia
TTCTACAGTACATCCA-1,Leukemia,Leukemia
TTCTACAGTGGCAAAC-1,Leukemia,Leukemia
TTCTACAGTTCACCTC-1,Leukemia,Leukemia
TTCTCAACATGCCCGA-1,Leukemia,Leukemia
TTCTCAAGTGGAAAGA-1,Leukemia,Leukemia
TTCTCAATCTATCCCG-1,Leukemia,Leukemia
TTCTCCTAGTGGAGTC-1,Leukemia,Leukemia
TTCTCCTCACTTGGAT-1,Leukemia,Leukemia
TTCTTAGCACGAGGTA-1,Leukemia,Leukemia
TTCTTAGCAGCTGCTG-1,Leukemia,Leukemia
TTCTTAGCAGTCGATT-1,Leukemia,Leukemia
TTGAACGCATGACATC-1,Leukemia,Leukemia
TTGAACGCATGGAATA-1,Leukemia,Leukemia
TTGACTTAGTAGGCCA-1,Leukemia,Leukemia
TTGACTTGTACGCACC-1,Leukemia,Leukemia
TTGACTTGTAGGCTGA-1,Leukemia,Leukemia
TTGACTTGTGCAGACA-1,Leukemia,Leukemia
TTGCCGTCAACCGCCA-1,Leukemia,Leukemia
TTGCCGTCACGGTAGA-1,Leukemia,Leukemia
TTGCGTCCACCGGAAA-1,Leukemia,Leukemia
TTGCGTCTCTTACCGC-1,Leukemia,Leukemia
TTGTAGGGTCAGCTAT-1,Leukemia,Leukemia
TTTACTGTCGTTGACA-1,Leukemia,Leukemia
TTTACTGTCTTCCTTC-1,Leukemia,Leukemia
TTTATGCAGCCACGTC-1,Leukemia,Leukemia
TTTATGCAGCTATGCT-1,Leukemia,Leukemia
TTTATGCGTAAACCTC-1,Leukemia,Leukemia
TTTATGCGTCATGCCG-1,Leukemia,Leukemia
TTTATGCGTTTACTCT-1,Leukemia,Leukemia
TTTATGCTCTCAAACG-1,Leukemia,Leukemia
TTTGCGCGTGAAATCA-1,Leukemia,Leukemia
