,sample,sample_id,n_genes,n_counts,counts_per_gene,n_genes_by_counts,total_counts,total_counts_mt,pct_counts_mt,total_counts_ribo,pct_counts_ribo
AAACGGGAGCAATATG-1,Normal,Normal,4722,19622.0,4.155442609063956,4722,19622.0,705.0,3.5929058,5947.0,30.307817
ACCCACTAGTCCATAC-1,Normal,Normal,2675,7594.0,2.838878504672897,2675,7594.0,349.0,4.5957336,2890.0,38.056362
ACGGCCAGTGCGAAAC-1,Normal,Normal,1708,4642.0,2.717798594847775,1708,4642.0,157.0,3.3821628,1758.0,37.87161
ACGGGTCCACGAGGTA-1,Normal,Normal,1174,1955.0,1.6652470187393527,1174,1955.0,181.0,9.258312,210.0,10.741689
ACTTGTTCAGCATACT-1,Normal,Normal,2342,6703.0,2.8620836891545687,2342,6703.0,212.0,3.1627629,2606.0,38.878113
AGACGTTTCCGCATCT-1,Normal,Normal,2794,9389.0,3.360415175375805,2794,9389.0,230.0,2.449675,3483.0,37.096603
AGCAGCCAGTCATGCT-1,Normal,Normal,1517,4427.0,2.918259723137772,1517,4427.0,107.0,2.4169867,1764.0,39.846397
AGTCTTTAGTGGTAAT-1,Normal,Normal,1713,4726.0,2.758902510215995,1713,4726.0,154.0,3.2585695,1772.0,37.49471
AGTGAGGCAATGCCAT-1,Normal,Normal,1200,2192.0,1.8266666666666667,1200,2192.0,17.0,0.77554744,541.0,24.680656
ATAGACCGTCGTCTTC-1,Normal,Normal,1237,3519.0,2.8447857720291028,1237,3519.0,89.0,2.5291276,1333.0,37.88008
ATCCGAATCCGAACGC-1,Normal,Normal,1836,5550.0,3.022875816993464,1836,5550.0,180.0,3.2432432,2196.0,39.56757
ATTATCCTCTGTGCAA-1,Normal,Normal,1804,4353.0,2.412971175166297,1804,4353.0,204.0,4.686423,1404.0,32.253616
CAAGATCGTATATGAG-1,Normal,Normal,4388,18921.0,4.311987237921604,4388,18921.0,437.0,2.309603,6575.0,34.74975
CAAGATCGTTGTACAC-1,Normal,Normal,2128,6137.0,2.8839285714285716,2128,6137.0,259.0,4.220303,2299.0,37.4613
CACAGTACAGCTCGCA-1,Normal,Normal,2831,9429.0,3.3306252207700457,2831,9429.0,187.0,1.9832432,3402.0,36.080177
CACTCCATCTTAGCCC-1,Normal,Normal,3011,8403.0,2.7907671869810695,3011,8403.0,203.0,2.415804,2608.0,31.036535
CAGAGAGGTGCATCTA-1,Normal,Normal,975,2512.0,2.5764102564102562,975,2512.0,73.0,2.906051,954.0,37.977707
CAGCGACGTCACCCAG-1,Normal,Normal,1610,3621.0,2.2490683229813664,1610,3621.0,78.0,2.1541011,1050.0,28.997513
CAGCTGGCAACTGCGC-1,Normal,Normal,863,1839.0,2.130938586326767,863,1839.0,25.0,1.3594345,588.0,31.973898
CAGTAACTCCGTCATC-1,Normal,Normal,1780,4716.0,2.649438202247191,1780,4716.0,187.0,3.9652247,1562.0,33.12129
CAGTCCTAGATCCTGT-1,Normal,Normal,2583,7677.0,2.9721254355400695,2583,7677.0,196.0,2.5530806,2910.0,37.90543
CATATGGTCCCGGATG-1,Normal,Normal,1992,6258.0,3.141566265060241,1992,6258.0,151.0,2.4129114,2497.0,39.900925
CATCGGGAGGACGAAA-1,Normal,Normal,1074,1806.0,1.681564245810056,1074,1806.0,64.0,3.5437431,116.0,6.4230347
CATGCCTTCTGACCTC-1,Normal,Normal,2685,9494.0,3.5359404096834264,2685,9494.0,221.0,2.327786,3786.0,39.877815
CATTATCGTTCACGGC-1,Normal,Normal,2911,10258.0,3.5238749570594297,2911,10258.0,228.0,2.2226555,4099.0,39.959057
CCACTACGTTATCGGT-1,Normal,Normal,1995,4757.0,2.3844611528822055,1995,4757.0,254.0,5.3394995,1399.0,29.409292
CCATGTCAGTCCAGGA-1,Normal,Normal,4425,20493.0,4.631186440677966,4425,20493.0,827.0,4.0355244,7235.0,35.304737
CCCATACAGGAGTCTG-1,Normal,Normal,1262,3714.0,2.9429477020602217,1262,3714.0,115.0,3.096392,1321.0,35.568123
CCGGGATTCTCGTATT-1,Normal,Normal,1424,3845.0,2.7001404494382024,1424,3845.0,59.0,1.5344603,1522.0,39.583874
CCTCAGTTCTGCGTAA-1,Normal,Normal,2545,7388.0,2.9029469548133595,2545,7388.0,132.0,1.786681,2490.0,33.703304
CGACTTCCAGCGATCC-1,Normal,Normal,2108,5799.0,2.7509487666034156,2108,5799.0,119.0,2.052078,1899.0,32.747025
CGAGAAGAGCCAGTTT-1,Normal,Normal,1702,4322.0,2.539365452408931,1702,4322.0,57.0,1.3188338,1457.0,33.711246
CGAGCCAAGGATCGCA-1,Normal,Normal,1980,4828.0,2.4383838383838383,1980,4828.0,71.0,1.4705882,1408.0,29.163214
CGCTATCCAGATGGCA-1,Normal,Normal,559,982.0,1.7567084078711985,559,982.0,11.0,1.120163,385.0,39.205704
CGCTGGACACCCTATC-1,Normal,Normal,2489,7483.0,3.006428284451587,2489,7483.0,157.0,2.098089,2885.0,38.554054
CGGACACCAGCGTTCG-1,Normal,Normal,3987,17753.0,4.4527213443692,3987,17753.0,447.0,2.5178843,6832.0,38.48364
CGGACGTTCTTAGCCC-1,Normal,Normal,2683,8448.0,3.1487141259783824,2683,8448.0,156.0,1.8465909,3269.0,38.69555
CGGAGCTTCTGCGGCA-1,Normal,Normal,2981,10463.0,3.5098960080509896,2981,10463.0,238.0,2.2746823,4150.0,39.663578
CGGGTCATCGGATGGA-1,Normal,Normal,2463,8016.0,3.254567600487211,2463,8016.0,127.0,1.5843313,3079.0,38.41068
CTAACTTCAGCCACCA-1,Normal,Normal,1806,4876.0,2.6998892580287928,1806,4876.0,241.0,4.942576,1730.0,35.4799
CTAAGACCAATTGCTG-1,Normal,Normal,2806,7686.0,2.739130434782609,2806,7686.0,204.0,2.6541765,2476.0,32.214417
CTAGAGTAGTGTCTCA-1,Normal,Normal,2892,9567.0,3.3080912863070537,2892,9567.0,206.0,2.1532352,3163.0,33.061565
CTGAAGTTCGCTGATA-1,Normal,Normal,3908,14885.0,3.8088536335721597,3908,14885.0,341.0,2.290897,4724.0,31.736649
CTTCTCTAGGTAAACT-1,Normal,Normal,2452,7551.0,3.0795269168026103,2452,7551.0,124.0,1.6421666,2963.0,39.239838
GACAGAGTCCTTTACA-1,Normal,Normal,1329,2836.0,2.133935289691497,1329,2836.0,266.0,9.379408,629.0,22.179125
GACTACACAGGCAGTA-1,Normal,Normal,808,1588.0,1.9653465346534653,808,1588.0,204.0,12.846348,318.0,20.025188
GAGCAGACAAGGCTCC-1,Normal,Normal,1215,2330.0,1.9176954732510287,1215,2330.0,193.0,8.283262,470.0,20.171673
GATCAGTGTCAGAAGC-1,Normal,Normal,1286,3122.0,2.4276827371695178,1286,3122.0,210.0,6.726457,1096.0,35.1057
GATGAAAGTACTTCTT-1,Normal,Normal,2491,7814.0,3.136892814130871,2491,7814.0,134.0,1.7148707,3010.0,38.520603
GCACATATCTCGCATC-1,Normal,Normal,966,2228.0,2.3064182194616976,966,2228.0,59.0,2.648115,789.0,35.412926
GCACTCTAGACGCTTT-1,Normal,Normal,4224,16610.0,3.9322916666666665,4224,16610.0,344.0,2.0710416,5789.0,34.852497
GCATGCGGTATCACCA-1,Normal,Normal,2092,5192.0,2.4818355640535374,2092,5192.0,56.0,1.0785824,1864.0,35.901386
GCATGTAAGACCCACC-1,Normal,Normal,3861,14646.0,3.7933177933177933,3861,14646.0,457.0,3.120306,4884.0,33.34699
GCATGTAAGTGGTCCC-1,Normal,Normal,2658,5314.0,1.999247554552295,2658,5314.0,395.0,7.4331956,563.0,10.594656
GCGCCAATCTTTAGTC-1,Normal,Normal,2625,8340.0,3.177142857142857,2625,8340.0,140.0,1.6786572,3210.0,38.48921
GCTCTGTGTTACGGAG-1,Normal,Normal,1426,3009.0,2.1100981767180924,1426,3009.0,69.0,2.2931206,780.0,25.922234
GGAACTTTCTGAGTGT-1,Normal,Normal,1744,3691.0,2.1163990825688073,1744,3691.0,59.0,1.5984827,950.0,25.738281
GGAGCAAAGACTACAA-1,Normal,Normal,1881,4797.0,2.550239234449761,1881,4797.0,66.0,1.3758599,1371.0,28.580362
GGAGCAAGTATCTGCA-1,Normal,Normal,1644,3577.0,2.1757907542579074,1644,3577.0,105.0,2.9354208,915.0,25.580097
GGGCATCAGGTGCAAC-1,Normal,Normal,829,2173.0,2.621230398069964,829,2173.0,67.0,3.083295,837.0,38.518177
GGGTCTGTCTCTGTCG-1,Normal,Normal,4440,19504.0,4.392792792792793,4440,19504.0,881.0,4.517022,6482.0,33.234207
GGTATTGGTTTAAGCC-1,Normal,Normal,849,1980.0,2.3321554770318023,849,1980.0,141.0,7.121212,584.0,29.49495
GTACTCCGTGTTGGGA-1,Normal,Normal,1309,2351.0,1.7960275019098548,1309,2351.0,45.0,1.9140791,519.0,22.075712
GTACTTTTCTGAAAGA-1,Normal,Normal,3538,15284.0,4.319954776710006,3538,15284.0,333.0,2.178749,5781.0,37.823868
GTATTCTAGGATGTAT-1,Normal,Normal,3320,10736.0,3.233734939759036,3320,10736.0,287.0,2.673249,3492.0,32.52608
GTATTCTGTGAAAGAG-1,Normal,Normal,4394,18038.0,4.105143377332727,4394,18038.0,542.0,3.0047677,5724.0,31.73301
GTCCTCAGTCTAGCGC-1,Normal,Normal,1561,3247.0,2.080076873798847,1561,3247.0,164.0,5.050816,939.0,28.919003
GTCGGGTGTTGCGTTA-1,Normal,Normal,1919,4521.0,2.355914538822303,1919,4521.0,127.0,2.809113,1462.0,32.33798
GTCGTAAAGTGCCATT-1,Normal,Normal,1275,2886.0,2.263529411764706,1275,2886.0,151.0,5.2321553,904.0,31.323633
GTCGTAATCTTCTGGC-1,Normal,Normal,3948,15176.0,3.8439716312056738,3948,15176.0,367.0,2.418292,5481.0,36.116238
TAAGAGATCCGCGCAA-1,Normal,Normal,4480,21267.0,4.747098214285714,4480,21267.0,533.0,2.5062304,8432.0,39.64828
TACCTTAGTCTCTTTA-1,Normal,Normal,2736,8530.0,3.117690058479532,2736,8530.0,105.0,1.2309496,2951.0,34.595547
TACGGGCAGTAGGCCA-1,Normal,Normal,2043,5472.0,2.6784140969162995,2043,5472.0,210.0,3.8377192,1932.0,35.30702
TACGGGCCATGGTCAT-1,Normal,Normal,2763,8698.0,3.1480275063336953,2763,8698.0,223.0,2.5638077,2999.0,34.47919
TAGGCATCAGCTGTGC-1,Normal,Normal,3465,12944.0,3.7356421356421357,3465,12944.0,266.0,2.055006,5135.0,39.67089
TAGTTGGAGCTAAGAT-1,Normal,Normal,1071,1862.0,1.738562091503268,1071,1862.0,137.0,7.35768,219.0,11.761547
TAGTTGGGTTAAAGTG-1,Normal,Normal,1674,3982.0,2.3787335722819596,1674,3982.0,118.0,2.963335,1342.0,33.70166
TATCAGGTCTCCTATA-1,Normal,Normal,2438,7677.0,3.1488925348646433,2438,7677.0,178.0,2.318614,2980.0,38.81725
TATCTCACAAGTAGTA-1,Normal,Normal,1925,5412.0,2.8114285714285714,1925,5412.0,190.0,3.510717,2033.0,37.56467
TATCTCAGTCTTCAAG-1,Normal,Normal,2142,6297.0,2.939775910364146,2142,6297.0,181.0,2.8743846,2267.0,36.00127
TCAATCTAGGAACTGC-1,Normal,Normal,2698,8012.0,2.9696071163825057,2698,8012.0,301.0,3.7568648,3083.0,38.479782
TCACGAAAGCTGAACG-1,Normal,Normal,1867,4429.0,2.3722549544724156,1867,4429.0,72.0,1.6256491,1293.0,29.19395
TCAGGATGTTCTGTTT-1,Normal,Normal,1679,4487.0,2.6724240619416317,1679,4487.0,394.0,8.780923,1479.0,32.96189
TCGCGTTCAAGCTGAG-1,Normal,Normal,1449,3768.0,2.600414078674948,1449,3768.0,198.0,5.254777,1323.0,35.111465
TCTCATAGTTATTCTC-1,Normal,Normal,2709,6392.0,2.3595422665190107,2709,6392.0,183.0,2.8629537,1648.0,25.782227
TGAAAGACACTCTGTC-1,Normal,Normal,2349,7079.0,3.0136228182205196,2349,7079.0,154.0,2.1754484,2737.0,38.663654
TGCACCTCACGGACAA-1,Normal,Normal,2386,7260.0,3.0427493713327745,2386,7260.0,157.0,2.1625345,2869.0,39.517906
TGCCAAACAAGGACTG-1,Normal,Normal,2470,8024.0,3.248582995951417,2470,8024.0,172.0,2.1435692,3169.0,39.49402
TGCCAAATCTAACTCT-1,Normal,Normal,1169,3501.0,2.9948674080410607,1169,3501.0,39.0,1.1139674,1285.0,36.703796
TGGCGCATCTACTATC-1,Normal,Normal,4158,16657.0,4.006012506012506,4158,16657.0,406.0,2.4374137,6424.0,38.56637
TTAACTCTCCAAACTG-1,Normal,Normal,1527,3390.0,2.2200392927308448,1527,3390.0,100.0,2.9498525,1052.0,31.03245
TTAGGACGTAAGTTCC-1,Normal,Normal,4286,26894.0,6.274848343443771,4286,26894.0,796.0,2.9597678,9614.0,35.747753
TTAGGCAAGCCACTAT-1,Normal,Normal,1237,3142.0,2.540016168148747,1237,3142.0,169.0,5.3787394,1080.0,34.373013
TTCGGTCTCCAGGGCT-1,Normal,Normal,1953,5362.0,2.7455197132616487,1953,5362.0,121.0,2.2566206,1906.0,35.546436
TTCTCCTGTGTTTGTG-1,Normal,Normal,2148,6549.0,3.048882681564246,2148,6549.0,108.0,1.6491066,2555.0,39.013588
TTCTCCTTCATACGGT-1,Normal,Normal,2621,7992.0,3.0492178557802365,2621,7992.0,151.0,1.8893894,2967.0,37.124626
TTTATGCTCAACTCTT-1,Normal,Normal,2309,6839.0,2.9618882633174533,2309,6839.0,159.0,2.3249013,2722.0,39.80114
AAAGATGCAAGAAGAG-1,Leukemia,Leukemia,3020,9137.0,3.025496688741722,3020,9137.0,369.0,4.0385246,2808.0,30.732187
AAAGATGCAGTCCTTC-1,Leukemia,Leukemia,4475,21704.0,4.850055865921788,4475,21704.0,689.0,3.17453,7364.0,33.92923
AACCGCGGTAGCTAAA-1,Leukemia,Leukemia,4402,21286.0,4.835529304861427,4402,21286.0,545.0,2.5603683,7947.0,37.334396
AACTCTTGTTACGGAG-1,Leukemia,Leukemia,4558,26931.0,5.908512505484862,4558,26931.0,462.0,1.7154951,9642.0,35.802605
AAGACCTCACATTAGC-1,Leukemia,Leukemia,4507,24765.0,5.494785888617706,4507,24765.0,324.0,1.308298,9047.0,36.531395
AAGGAGCGTCATATGC-1,Leukemia,Leukemia,2701,8600.0,3.1840059237319513,2701,8600.0,163.0,1.8953489,2702.0,31.418604
AAGGCAGGTCCAGTGC-1,Leukemia,Leukemia,2713,9201.0,3.3914485809067454,2713,9201.0,154.0,1.6737312,3486.0,37.887184
AAGGCAGGTGGTAACG-1,Leukemia,Leukemia,4262,21804.0,5.11590802440169,4262,21804.0,358.0,1.6419007,7551.0,34.63126
AAGTCTGCAATTCCTT-1,Leukemia,Leukemia,4201,20331.0,4.839562009045466,4201,20331.0,501.0,2.4642172,7814.0,38.433918
ACACCCTCATCTGGTA-1,Leukemia,Leukemia,4326,24212.0,5.596856218215441,4326,24212.0,606.0,2.502891,9190.0,37.956383
ACACTGACACCAGGCT-1,Leukemia,Leukemia,2348,6017.0,2.5626064735945486,2348,6017.0,392.0,6.514875,1636.0,27.18963
ACACTGAGTTGTGGAG-1,Leukemia,Leukemia,3002,10787.0,3.5932711525649568,3002,10787.0,275.0,2.549365,4307.0,39.927692
ACAGCCGAGCCACGCT-1,Leukemia,Leukemia,4601,23800.0,5.172788524233862,4601,23800.0,634.0,2.6638656,9012.0,37.865547
ACAGCTAAGTGGGATC-1,Leukemia,Leukemia,3637,14908.0,4.098982678031344,3637,14908.0,615.0,4.125302,5809.0,38.965656
ACATACGCAAGGTTTC-1,Leukemia,Leukemia,4786,28742.0,6.005432511491851,4786,28742.0,978.0,3.402686,10880.0,37.85401
ACATACGCACCATGTA-1,Leukemia,Leukemia,960,1669.0,1.7385416666666667,960,1669.0,125.0,7.4895144,422.0,25.2846
ACATGGTTCCAACCAA-1,Leukemia,Leukemia,3463,12661.0,3.656078544614496,3463,12661.0,196.0,1.548061,4896.0,38.669933
ACCCACTGTACATCCA-1,Leukemia,Leukemia,3976,18016.0,4.531187122736418,3976,18016.0,615.0,3.4136324,7097.0,39.392765
ACCCACTTCTGTCAAG-1,Leukemia,Leukemia,3522,13780.0,3.912549687677456,3522,13780.0,742.0,5.3846154,4818.0,34.963715
ACCTTTAGTGTGAAAT-1,Leukemia,Leukemia,3450,11373.0,3.296521739130435,3450,11373.0,165.0,1.4508045,4331.0,38.08142
ACGAGCCTCGCTTGTC-1,Leukemia,Leukemia,3634,13838.0,3.8079251513483765,3634,13838.0,651.0,4.7044373,4437.0,32.063885
ACGCCAGAGATGTTAG-1,Leukemia,Leukemia,4500,24975.0,5.55,4500,24975.0,889.0,3.5595596,9216.0,36.9009
ACGCCGAGTGTCAATC-1,Leukemia,Leukemia,4398,24981.0,5.6800818553888135,4398,24981.0,683.0,2.734078,9802.0,39.23782
ACTTTCAAGCGTGAGT-1,Leukemia,Leukemia,4206,20494.0,4.872563005230623,4206,20494.0,649.0,3.1667807,7362.0,35.92271
ACTTTCAAGGACCACA-1,Leukemia,Leukemia,3736,19511.0,5.222430406852248,3736,19511.0,327.0,1.6759777,7445.0,38.15796
AGACGTTTCCCGGATG-1,Leukemia,Leukemia,4195,20404.0,4.86388557806913,4195,20404.0,516.0,2.528916,6799.0,33.321896
AGAGCGATCGTTACGA-1,Leukemia,Leukemia,2315,5720.0,2.470842332613391,2315,5720.0,25.0,0.43706292,1931.0,33.758743
AGAGCTTCAACGCACC-1,Leukemia,Leukemia,4339,22731.0,5.238764692325421,4339,22731.0,464.0,2.0412652,8578.0,37.73701
AGCCTAAGTTTCCACC-1,Leukemia,Leukemia,4039,16232.0,4.018816538747215,4039,16232.0,409.0,2.519714,6070.0,37.395267
AGCGGTCAGAGCTGCA-1,Leukemia,Leukemia,3319,14116.0,4.25308827960229,3319,14116.0,290.0,2.0544064,5342.0,37.843582
AGCGTCGAGCACAGGT-1,Leukemia,Leukemia,1586,3901.0,2.459646910466583,1586,3901.0,95.0,2.435273,1473.0,37.75955
AGCTCCTAGCATGGCA-1,Leukemia,Leukemia,4348,20542.0,4.724471021159154,4348,20542.0,609.0,2.9646578,7893.0,38.423717
AGGCCGTCACAGCCCA-1,Leukemia,Leukemia,3946,17295.0,4.382919412062848,3946,17295.0,531.0,3.0702515,5986.0,34.61116
AGGGAGTAGACAGACC-1,Leukemia,Leukemia,4633,27787.0,5.997625728469674,4633,27787.0,703.0,2.5299602,8839.0,31.80984
AGGGATGGTCCAAGTT-1,Leukemia,Leukemia,1449,3373.0,2.3278122843340237,1449,3373.0,75.0,2.2235398,1273.0,37.740883
AGTCTTTTCGCTAGCG-1,Leukemia,Leukemia,3381,11664.0,3.4498669032830525,3381,11664.0,197.0,1.6889575,4078.0,34.962276
AGTGAGGCAGGACCCT-1,Leukemia,Leukemia,4604,23653.0,5.137489139878366,4604,23653.0,714.0,3.0186446,8557.0,36.17723
ATAACGCGTTGTTTGG-1,Leukemia,Leukemia,3617,15618.0,4.317943046723804,3617,15618.0,424.0,2.7148163,5795.0,37.10462
ATAAGAGCAGATCGGA-1,Leukemia,Leukemia,4214,23478.0,5.571428571428571,4214,23478.0,858.0,3.6544852,8758.0,37.303005
ATCACGATCTTAACCT-1,Leukemia,Leukemia,3175,9539.0,3.0044094488188975,3175,9539.0,258.0,2.7046862,2649.0,27.770206
ATTATCCCACATAACC-1,Leukemia,Leukemia,4857,25930.0,5.338686431953881,4857,25930.0,730.0,2.8152719,9381.0,36.178173
ATTGGACAGATGAGAG-1,Leukemia,Leukemia,4592,25126.0,5.471689895470384,4592,25126.0,597.0,2.3760247,9231.0,36.73884
ATTGGACTCACCTTAT-1,Leukemia,Leukemia,4512,21861.0,4.8450797872340425,4512,21861.0,411.0,1.8800603,7925.0,36.25177
ATTTCTGCACGAGAGT-1,Leukemia,Leukemia,2982,8160.0,2.7364185110663986,2982,8160.0,230.0,2.8186274,2318.0,28.406862
CAAGAAACAATGACCT-1,Leukemia,Leukemia,2229,6429.0,2.8842530282637955,2229,6429.0,172.0,2.6753771,2093.0,32.555607
CAAGATCCAATACGCT-1,Leukemia,Leukemia,4693,25407.0,5.4138077988493505,4693,25407.0,760.0,2.9913015,8587.0,33.797775
CAAGGCCTCTTCATGT-1,Leukemia,Leukemia,4194,21294.0,5.07725321888412,4194,21294.0,545.0,2.5594065,7842.0,36.827274
CACAAACCAAGCTGGA-1,Leukemia,Leukemia,2572,7034.0,2.734836702954899,2572,7034.0,499.0,7.0941143,2157.0,30.66534
CACACAAAGTTACCCA-1,Leukemia,Leukemia,2581,8119.0,3.145679969004262,2581,8119.0,171.0,2.1061707,2827.0,34.819557
CACAGTAAGGGCTTGA-1,Leukemia,Leukemia,3933,19506.0,4.959572845156369,3933,19506.0,512.0,2.6248333,7774.0,39.854404
CACAGTACAGACTCGC-1,Leukemia,Leukemia,4618,29211.0,6.325465569510611,4618,29211.0,662.0,2.2662694,11522.0,39.444046
CACAGTAGTAAATGAC-1,Leukemia,Leukemia,4356,19664.0,4.514233241505969,4356,19664.0,604.0,3.071603,7719.0,39.254475
CACATAGCACACGCTG-1,Leukemia,Leukemia,4650,27297.0,5.870322580645161,4650,27297.0,595.0,2.1797268,9649.0,35.348206
CACCAGGAGTACGACG-1,Leukemia,Leukemia,3822,18816.0,4.923076923076923,3822,18816.0,456.0,2.4234693,7239.0,38.472576
CACCTTGGTTACTGAC-1,Leukemia,Leukemia,4428,24460.0,5.523938572719061,4428,24460.0,778.0,3.1807032,9537.0,38.99019
CACCTTGTCATCATTC-1,Leukemia,Leukemia,4556,18128.0,3.9789288849868307,4556,18128.0,879.0,4.8488526,5154.0,28.431156
CAGAATCTCGTACGGC-1,Leukemia,Leukemia,4534,23226.0,5.122629025143361,4534,23226.0,689.0,2.9665031,7547.0,32.49376
CAGAGAGCACATCCGG-1,Leukemia,Leukemia,4417,25576.0,5.790355444872085,4417,25576.0,656.0,2.5649047,9853.0,38.5244
CAGGTGCTCCTTCAAT-1,Leukemia,Leukemia,3039,9048.0,2.9772951628825273,3039,9048.0,508.0,5.6145005,2784.0,30.769232
CAGTCCTTCTTGTACT-1,Leukemia,Leukemia,4310,18886.0,4.381902552204176,4310,18886.0,397.0,2.102086,7334.0,38.833
CATCAGACATGCCACG-1,Leukemia,Leukemia,3262,10678.0,3.2734518700183934,3262,10678.0,119.0,1.1144409,4097.0,38.36861
CATCCACGTTCACCTC-1,Leukemia,Leukemia,160,2021.0,12.63125,160,2021.0,0.0,0.0,52.0,2.5729837
CATTATCGTCAGGACA-1,Leukemia,Leukemia,4038,18496.0,4.5804853888063395,4038,18496.0,431.0,2.3302336,6724.0,36.353806
CATTCGCGTCTGCCAG-1,Leukemia,Leukemia,4311,21361.0,4.954998840176293,4311,21361.0,391.0,1.8304387,8037.0,37.62464
CCATTCGGTCTCATCC-1,Leukemia,Leukemia,3470,12963.0,3.735734870317003,3470,12963.0,339.0,2.6151354,5161.0,39.813316
CCGTGGACACGCTTTC-1,Leukemia,Leukemia,2172,5787.0,2.664364640883978,2172,5787.0,62.0,1.0713669,1792.0,30.965958
CCGTGGATCATCGCTC-1,Leukemia,Leukemia,3679,17943.0,4.877140527317206,3679,17943.0,614.0,3.4219475,6228.0,34.709915
CCTAAAGAGTATCTCG-1,Leukemia,Leukemia,3302,11944.0,3.6172016959418536,3302,11944.0,268.0,2.2438045,3916.0,32.786335
CCTATTAGTACAGTGG-1,Leukemia,Leukemia,4522,22950.0,5.075187969924812,4522,22950.0,708.0,3.0849674,8490.0,36.993465
CCTCTGACACGAGAGT-1,Leukemia,Leukemia,4167,21825.0,5.237580993520519,4167,21825.0,649.0,2.973654,8128.0,37.241695
CCTCTGACATGCGCAC-1,Leukemia,Leukemia,3986,18600.0,4.666332162568992,3986,18600.0,378.0,2.032258,7255.0,39.005375
CGACTTCGTTTGTTGG-1,Leukemia,Leukemia,4582,25512.0,5.56787429070275,4582,25512.0,630.0,2.4694262,9471.0,37.123707
CGAGAAGAGAGCTGGT-1,Leukemia,Leukemia,4433,25341.0,5.7164448454771035,4433,25341.0,672.0,2.651829,9581.0,37.808296
CGAGCACCACCTTGTC-1,Leukemia,Leukemia,3778,20265.0,5.363949179460032,3778,20265.0,405.0,1.9985195,8090.0,39.921043
CGAGCACGTTACGTCA-1,Leukemia,Leukemia,4819,28987.0,6.0151483710313345,4819,28987.0,630.0,2.173388,11382.0,39.265877
CGATCGGCAATACGCT-1,Leukemia,Leukemia,4330,24914.0,5.753810623556582,4330,24914.0,663.0,2.6611545,9198.0,36.919003
CGATCGGGTCTTCTCG-1,Leukemia,Leukemia,4289,21254.0,4.955467474935882,4289,21254.0,457.0,2.1501834,8081.0,38.02108
CGATGGCCACTTAACG-1,Leukemia,Leukemia,3751,14493.0,3.8637696614236203,3751,14493.0,408.0,2.8151522,4772.0,32.92624
CGATTGAAGACACTAA-1,Leukemia,Leukemia,3841,19936.0,5.190315022129654,3841,19936.0,638.0,3.2002409,7504.0,37.64045
CGGACACAGGCATGTG-1,Leukemia,Leukemia,4594,22638.0,4.927731824118415,4594,22638.0,537.0,2.3721178,7231.0,31.941868
CGGACACAGTGCGTGA-1,Leukemia,Leukemia,3618,15128.0,4.181315644002211,3618,15128.0,470.0,3.1068218,5046.0,33.355366
CGGAGCTTCTGAAAGA-1,Leukemia,Leukemia,2990,12593.0,4.211705685618729,2990,12593.0,424.0,3.3669498,4848.0,38.497578
CGGCTAGTCCAAATGC-1,Leukemia,Leukemia,1729,4701.0,2.718912666281087,1729,4701.0,36.0,0.7657945,1852.0,39.39587
CGGCTAGTCTGTCAAG-1,Leukemia,Leukemia,3281,13122.0,3.999390429747028,3281,13122.0,377.0,2.8730376,5185.0,39.513794
CGTAGCGAGAGTACAT-1,Leukemia,Leukemia,4188,21004.0,5.015281757402101,4188,21004.0,770.0,3.6659684,6971.0,33.188915
CGTAGCGTCAGAGGTG-1,Leukemia,Leukemia,3537,14385.0,4.067005937234945,3537,14385.0,602.0,4.1849146,4750.0,33.020508
CGTCACTCACCAGCAC-1,Leukemia,Leukemia,4182,21257.0,5.0829746532759446,4182,21257.0,423.0,1.9899328,7656.0,36.016373
CGTCACTGTGAGTGAC-1,Leukemia,Leukemia,4176,19283.0,4.617576628352491,4176,19283.0,592.0,3.0700617,6813.0,35.33164
CGTCCATTCCTTGCCA-1,Leukemia,Leukemia,2723,8301.0,3.0484759456481823,2723,8301.0,156.0,1.8792917,3199.0,38.537525
CGTCTACAGACACTAA-1,Leukemia,Leukemia,2347,5761.0,2.4546229228802727,2347,5761.0,236.0,4.096511,1943.0,33.726784
CTAAGACAGAGTAATC-1,Leukemia,Leukemia,4232,19467.0,4.599952741020794,4232,19467.0,801.0,4.1146555,6580.0,33.80079
CTAAGACCATGCCTTC-1,Leukemia,Leukemia,4152,21501.0,5.178468208092486,4152,21501.0,447.0,2.078973,8377.0,38.96098
CTACGTCCACCTATCC-1,Leukemia,Leukemia,4105,19846.0,4.8345919610231425,4105,19846.0,707.0,3.5624306,7307.0,36.8185
CTAGCCTCAGTGAGTG-1,Leukemia,Leukemia,3806,16829.0,4.421702574881766,3806,16829.0,532.0,3.1612098,6674.0,39.657734
CTCACACAGTCGTACT-1,Leukemia,Leukemia,2417,7086.0,2.9317335539925526,2417,7086.0,159.0,2.2438612,2782.0,39.260513
CTCAGAACATTCACTT-1,Leukemia,Leukemia,3721,15508.0,4.167696855683956,3721,15508.0,553.0,3.5659015,5956.0,38.405983
CTCGAAAAGACACGAC-1,Leukemia,Leukemia,3761,16402.0,4.361074182398299,3761,16402.0,646.0,3.9385443,5677.0,34.611633
CTCGAAAAGTAATCCC-1,Leukemia,Leukemia,4444,24554.0,5.525202520252026,4444,24554.0,756.0,3.078928,9041.0,36.820885
CTCGGGACATTAGGCT-1,Leukemia,Leukemia,4796,28009.0,5.840075062552127,4796,28009.0,856.0,3.0561604,9779.0,34.91378
CTCGGGATCTCTGAGA-1,Leukemia,Leukemia,982,1976.0,2.0122199592668024,982,1976.0,78.0,3.9473681,723.0,36.58907
CTCGTACGTGCAGACA-1,Leukemia,Leukemia,2138,5833.0,2.7282507015902713,2138,5833.0,430.0,7.3718495,1599.0,27.412996
CTCTACGTCAGTTAGC-1,Leukemia,Leukemia,3640,13572.0,3.7285714285714286,3640,13572.0,227.0,1.672561,5029.0,37.05423
CTCTGGTCAGCTGTGC-1,Leukemia,Leukemia,4251,21025.0,4.945895083509763,4251,21025.0,623.0,2.963139,7751.0,36.865635
CTCTGGTTCCCAGGTG-1,Leukemia,Leukemia,2901,8347.0,2.8772836952774905,2901,8347.0,179.0,2.144483,2972.0,35.605606
CTGATAGAGAGCTTCT-1,Leukemia,Leukemia,1545,2597.0,1.6809061488673138,1545,2597.0,59.0,2.271852,180.0,6.931074
CTGTGCTTCTCTGCTG-1,Leukemia,Leukemia,3836,19519.0,5.0883733055265905,3836,19519.0,394.0,2.0185459,7697.0,39.433372
CTTAACTCAACTGGCC-1,Leukemia,Leukemia,3100,11506.0,3.7116129032258063,3100,11506.0,438.0,3.8067095,4491.0,39.03181
CTTAGGAAGAGTGACC-1,Leukemia,Leukemia,4362,26032.0,5.967904630903256,4362,26032.0,743.0,2.8541794,10238.0,39.328518
CTTGGCTTCTGTTTGT-1,Leukemia,Leukemia,3501,15149.0,4.327049414453014,3501,15149.0,483.0,3.1883292,5626.0,37.137764
CTTTGCGAGGCACATG-1,Leukemia,Leukemia,2137,6414.0,3.00140383715489,2137,6414.0,74.0,1.1537262,2221.0,34.627377
GAACGGAGTATAGGGC-1,Leukemia,Leukemia,4203,19236.0,4.57673090649536,4203,19236.0,431.0,2.2405906,6098.0,31.700977
GAAGCAGCAAACGCGA-1,Leukemia,Leukemia,3696,16974.0,4.592532467532467,3696,16974.0,445.0,2.6216567,6081.0,35.825382
GACAGAGAGCCACCTG-1,Leukemia,Leukemia,4032,24619.0,6.105902777777778,4032,24619.0,768.0,3.119542,9800.0,39.806652
GACCAATTCTCGATGA-1,Leukemia,Leukemia,4695,25515.0,5.434504792332269,4695,25515.0,496.0,1.9439545,8327.0,32.635704
GACCTGGAGTTCCACA-1,Leukemia,Leukemia,3318,10375.0,3.1268836648583482,3318,10375.0,515.0,4.9638553,2969.0,28.616867
GACGGCTGTAAGGATT-1,Leukemia,Leukemia,3248,12069.0,3.7158251231527095,3248,12069.0,192.0,1.5908526,4583.0,37.97332
GACGGCTTCAGCGACC-1,Leukemia,Leukemia,1645,4435.0,2.696048632218845,1645,4435.0,161.0,3.6302142,1767.0,39.842163
GACGTGCTCGCACTCT-1,Leukemia,Leukemia,4736,28034.0,5.919341216216216,4736,28034.0,821.0,2.9285867,10324.0,36.826714
GACGTTAAGAATCTCC-1,Leukemia,Leukemia,2907,8127.0,2.7956656346749225,2907,8127.0,200.0,2.4609327,2708.0,33.32103
GACTAACAGAGACTTA-1,Leukemia,Leukemia,4181,22607.0,5.407079646017699,4181,22607.0,623.0,2.7557838,7795.0,34.48047
GACTGCGTCCTCGCAT-1,Leukemia,Leukemia,4367,26717.0,6.117929929013052,4367,26717.0,779.0,2.9157465,10215.0,38.23408
GAGTCCGAGACTAAGT-1,Leukemia,Leukemia,2733,8403.0,3.074643249176729,2733,8403.0,204.0,2.4277043,2900.0,34.511482
GAGTCCGAGTCTCCTC-1,Leukemia,Leukemia,4071,17642.0,4.333578973225252,4071,17642.0,608.0,3.4463212,6688.0,37.909534
GATCGATGTACCTACA-1,Leukemia,Leukemia,167,3168.0,18.97005988023952,167,3168.0,0.0,0.0,22.0,0.6944445
GATCGTATCCACGACG-1,Leukemia,Leukemia,4047,19093.0,4.717815665925377,4047,19093.0,613.0,3.2106009,7176.0,37.584454
GATCTAGGTATATCCG-1,Leukemia,Leukemia,3705,15914.0,4.29527665317139,3705,15914.0,553.0,3.4749277,5660.0,35.56617
GATGAAATCACATGCA-1,Leukemia,Leukemia,3997,21437.0,5.3632724543407555,3997,21437.0,571.0,2.6636188,7665.0,35.755936
GATGAAATCGTTTGCC-1,Leukemia,Leukemia,4675,28395.0,6.073796791443851,4675,28395.0,680.0,2.3947878,10929.0,38.48917
GATTCAGAGCATGGCA-1,Leukemia,Leukemia,3380,11915.0,3.525147928994083,3380,11915.0,568.0,4.7671003,3806.0,31.942928
GATTCAGGTGTATGGG-1,Leukemia,Leukemia,4689,28550.0,6.088718276818085,4689,28550.0,785.0,2.7495623,11282.0,39.516636
GCACATAAGCTCAACT-1,Leukemia,Leukemia,4710,27097.0,5.75307855626327,4710,27097.0,632.0,2.3323617,10637.0,39.25527
GCACTCTGTTAAGAAC-1,Leukemia,Leukemia,4358,21090.0,4.839375860486462,4358,21090.0,498.0,2.3613086,8010.0,37.980087
GCATACAAGAACTCGG-1,Leukemia,Leukemia,2974,12181.0,4.095830531271015,2974,12181.0,421.0,3.456202,4792.0,39.33996
GCCTCTACATTTGCCC-1,Leukemia,Leukemia,3805,15965.0,4.195795006570302,3805,15965.0,459.0,2.875039,5958.0,37.319138
GCGCAGTGTGCGAAAC-1,Leukemia,Leukemia,4032,19692.0,4.883928571428571,4032,19692.0,533.0,2.706683,7867.0,39.950233
GCGCCAAGTCGAACAG-1,Leukemia,Leukemia,3977,20056.0,5.0429972340960525,3977,20056.0,421.0,2.0991225,7500.0,37.395294
GCGCCAATCATCTGCC-1,Leukemia,Leukemia,4595,26334.0,5.7310119695321005,4595,26334.0,555.0,2.1075416,9630.0,36.568695
GCTTCCACAGGATTGG-1,Leukemia,Leukemia,4798,27661.0,5.765110462692789,4798,27661.0,767.0,2.772857,9123.0,32.981457
GCTTGAAGTATAATGG-1,Leukemia,Leukemia,4317,21703.0,5.027333796618022,4317,21703.0,503.0,2.317652,7237.0,33.345623
GCTTGAAGTGTGAAAT-1,Leukemia,Leukemia,3854,15320.0,3.9750908147379347,3854,15320.0,324.0,2.1148825,4497.0,29.353786
GGAAAGCAGACTAGGC-1,Leukemia,Leukemia,2856,9623.0,3.3693977591036415,2856,9623.0,159.0,1.6522914,3218.0,33.440716
GGACATTAGCGTTGCC-1,Leukemia,Leukemia,4145,22771.0,5.493606755126659,4145,22771.0,632.0,2.77546,8198.0,36.001934
GGACGTCCAAATCCGT-1,Leukemia,Leukemia,1973,5264.0,2.668018246325393,1973,5264.0,188.0,3.5714288,2011.0,38.20289
GGACGTCCAATGTAAG-1,Leukemia,Leukemia,4079,19481.0,4.775925471929394,4079,19481.0,446.0,2.28941,6906.0,35.449924
GGAGCAACACATGGGA-1,Leukemia,Leukemia,3656,17042.0,4.661378555798687,3656,17042.0,650.0,3.8141065,6399.0,37.548412
GGATTACTCGCTTGTC-1,Leukemia,Leukemia,4398,23556.0,5.356070941336971,4398,23556.0,682.0,2.8952284,8552.0,36.304974
GGCCGATCATAGTAAG-1,Leukemia,Leukemia,4494,24905.0,5.541833555852247,4494,24905.0,826.0,3.3166032,9844.0,39.5262
GGCGACTCAGCGTCCA-1,Leukemia,Leukemia,2416,8143.0,3.37044701986755,2416,8143.0,332.0,4.0771217,3174.0,38.978264
GGGACCTCAGACGCAA-1,Leukemia,Leukemia,3963,20199.0,5.096896290688872,3963,20199.0,650.0,3.217981,7451.0,36.887966
GGGATGATCGTACGGC-1,Leukemia,Leukemia,4071,22303.0,5.4785065094571355,4071,22303.0,747.0,3.3493252,8578.0,38.461193
GGGATGATCTCCTATA-1,Leukemia,Leukemia,4340,16709.0,3.85,4340,16709.0,464.0,2.7769465,5810.0,34.771683
GGTGAAGCACGTCAGC-1,Leukemia,Leukemia,3271,12075.0,3.691531641699786,3271,12075.0,434.0,3.594203,3850.0,31.88406
GGTGAAGCATATGCTG-1,Leukemia,Leukemia,3836,19629.0,5.117049009384776,3836,19629.0,457.0,2.328188,7424.0,37.82159
GGTGAAGTCGATCCCT-1,Leukemia,Leukemia,160,1816.0,11.35,160,1816.0,0.0,0.0,38.0,2.092511
GGTGTTATCGCCTGAG-1,Leukemia,Leukemia,3192,10950.0,3.430451127819549,3192,10950.0,620.0,5.6621003,3547.0,32.392696
GTAACGTCACGGCGTT-1,Leukemia,Leukemia,4014,18573.0,4.627055306427504,4014,18573.0,508.0,2.7351532,6743.0,36.30539
GTAACTGTCCTGCCAT-1,Leukemia,Leukemia,3060,11699.0,3.823202614379085,3060,11699.0,300.0,2.5643218,4605.0,39.36234
GTACTCCCAATGTAAG-1,Leukemia,Leukemia,1877,4590.0,2.4453915823122,1877,4590.0,178.0,3.8779955,1582.0,34.466232
GTAGTCAGTACAGCAG-1,Leukemia,Leukemia,3771,15382.0,4.079024131530098,3771,15382.0,564.0,3.6666234,5054.0,32.856586
GTCAAGTCAAGTCATC-1,Leukemia,Leukemia,3758,14924.0,3.971261309207025,3758,14924.0,309.0,2.0704904,5807.0,38.910477
GTCAAGTCATTAGGCT-1,Leukemia,Leukemia,3906,19253.0,4.929083461341526,3906,19253.0,435.0,2.2593882,7417.0,38.52387
GTCACAATCAGTTTGG-1,Leukemia,Leukemia,4241,18533.0,4.36995991511436,4241,18533.0,636.0,3.4317164,7028.0,37.921543
GTCCTCACAATCGGTT-1,Leukemia,Leukemia,2481,6593.0,2.657396211205159,2481,6593.0,596.0,9.03989,1835.0,27.83255
GTCCTCACATCCGCGA-1,Leukemia,Leukemia,4537,23312.0,5.138197046506502,4537,23312.0,692.0,2.9684284,8163.0,35.0163
GTCTCGTTCTGCTTGC-1,Leukemia,Leukemia,1347,2840.0,2.1083890126206386,1347,2840.0,107.0,3.7676055,917.0,32.288734
GTGCAGCGTCAATGTC-1,Leukemia,Leukemia,4294,23104.0,5.380530973451328,4294,23104.0,863.0,3.7352839,8322.0,36.019737
GTGGGTCTCAGTGTTG-1,Leukemia,Leukemia,3531,14735.0,4.173038799207023,3531,14735.0,428.0,2.9046488,5028.0,34.122837
GTGGGTCTCCATGAGT-1,Leukemia,Leukemia,4526,27479.0,6.071365444100751,4526,27479.0,779.0,2.834892,9541.0,34.721058
GTGTGCGCAAATCCGT-1,Leukemia,Leukemia,4229,21589.0,5.104989359186569,4229,21589.0,570.0,2.6402333,6990.0,32.3776
GTGTTAGGTTGGAGGT-1,Leukemia,Leukemia,4038,21065.0,5.216691431401684,4038,21065.0,585.0,2.7771184,7033.0,33.38714
GTTCATTAGACCTTTG-1,Leukemia,Leukemia,2935,8435.0,2.8739352640545146,2935,8435.0,314.0,3.7225847,2776.0,32.910492
GTTCTCGAGTGAAGTT-1,Leukemia,Leukemia,4282,21485.0,5.017515179822513,4282,21485.0,725.0,3.3744473,7321.0,34.074936
TAAGCGTGTTATCGGT-1,Leukemia,Leukemia,2630,7465.0,2.838403041825095,2630,7465.0,145.0,1.9423978,2174.0,29.122574
TAAGTGCGTGTCGCTG-1,Leukemia,Leukemia,4469,24204.0,5.415976728574625,4469,24204.0,820.0,3.3878698,8851.0,36.568336
TACACGACATTGGCGC-1,Leukemia,Leukemia,3280,12771.0,3.8935975609756097,3280,12771.0,231.0,1.8087854,5095.0,39.895077
TACCTTAGTAACGACG-1,Leukemia,Leukemia,4196,26088.0,6.217349857006673,4196,26088.0,877.0,3.361699,10114.0,38.768784
TACGGATAGCTAGTCT-1,Leukemia,Leukemia,2110,6279.0,2.9758293838862557,2110,6279.0,142.0,2.2615066,2313.0,36.83708
TACGGGCTCCAACCAA-1,Leukemia,Leukemia,4451,23421.0,5.261963603684565,4451,23421.0,728.0,3.1083214,9227.0,39.396267
TAGCCGGGTCGCATCG-1,Leukemia,Leukemia,1629,3292.0,2.0208717004297116,1629,3292.0,21.0,0.63791007,716.0,21.749697
TAGTTGGCATCCCATC-1,Leukemia,Leukemia,4345,25437.0,5.854315304948217,4345,25437.0,742.0,2.9170108,10027.0,39.418957
TATCTCAAGACGCACA-1,Leukemia,Leukemia,3837,18210.0,4.745895230648944,3837,18210.0,470.0,2.5809994,7241.0,39.763866
TATCTCAGTTGCGTTA-1,Leukemia,Leukemia,3603,14841.0,4.119067443796836,3603,14841.0,520.0,3.5038068,5260.0,35.442356
TATGCCCAGTGTCCCG-1,Leukemia,Leukemia,4102,21155.0,5.157240370550951,4102,21155.0,575.0,2.7180336,7418.0,35.064995
TATGCCCCACCGTTGG-1,Leukemia,Leukemia,4021,11250.0,2.797811489679184,4021,11250.0,777.0,6.9066668,1328.0,11.804444
TATGCCCGTCACCCAG-1,Leukemia,Leukemia,413,5989.0,14.501210653753027,413,5989.0,2.0,0.033394556,64.0,1.0686258
TCAACGACAAGCCATT-1,Leukemia,Leukemia,4069,19793.0,4.86434013271074,4069,19793.0,437.0,2.2078512,7313.0,36.947407
TCAACGAGTTAAGGGC-1,Leukemia,Leukemia,4531,25031.0,5.524387552416685,4531,25031.0,682.0,2.7246215,9622.0,38.440334
TCAACGAGTTGGTAAA-1,Leukemia,Leukemia,4739,25920.0,5.469508335091792,4739,25920.0,746.0,2.8780866,8240.0,31.790123
TCAATCTCATTGGTAC-1,Leukemia,Leukemia,4661,24329.0,5.2196953443467065,4661,24329.0,525.0,2.1579185,7892.0,32.438652
TCACAAGGTCACACGC-1,Leukemia,Leukemia,4024,20922.0,5.199304174950298,4024,20922.0,549.0,2.624032,8066.0,38.55272
TCAGGTACAGCCACCA-1,Leukemia,Leukemia,1560,2673.0,1.7134615384615384,1560,2673.0,66.0,2.4691358,420.0,15.712683
TCAGGTATCACGACTA-1,Leukemia,Leukemia,4148,20183.0,4.865718418514947,4148,20183.0,642.0,3.1808946,7617.0,37.73968
TCGCGAGGTCAGTGGA-1,Leukemia,Leukemia,2542,8310.0,3.2690794649881982,2542,8310.0,194.0,2.3345366,3226.0,38.820698
TCTATTGTCCAGAAGG-1,Leukemia,Leukemia,2408,7274.0,3.020764119601329,2408,7274.0,193.0,2.6532857,2741.0,37.682156
TCTGAGAAGATATGCA-1,Leukemia,Leukemia,4459,25359.0,5.687149585108769,4459,25359.0,658.0,2.5947397,8710.0,34.34678
TCTTCGGGTTTAGCTG-1,Leukemia,Leukemia,2301,7617.0,3.3102998696219035,2301,7617.0,219.0,2.8751478,2927.0,38.4272
TGACAACTCTTTCCTC-1,Leukemia,Leukemia,3593,12950.0,3.604230448093515,3593,12950.0,218.0,1.6833975,4486.0,34.640926
TGACGGCAGGCCCTTG-1,Leukemia,Leukemia,2480,6372.0,2.5693548387096774,2480,6372.0,214.0,3.358443,1792.0,28.12304
TGACTAGTCATAACCG-1,Leukemia,Leukemia,3394,10097.0,2.9749558043606363,3394,10097.0,299.0,2.9612756,2361.0,23.383184
TGACTTTCAACGATGG-1,Leukemia,Leukemia,4205,19278.0,4.584542211652794,4205,19278.0,457.0,2.3705778,6573.0,34.09586
TGAGGGACAACTGCTA-1,Leukemia,Leukemia,3945,21323.0,5.405069708491761,3945,21323.0,475.0,2.2276413,7807.0,36.61305
TGATTTCAGTCTCCTC-1,Leukemia,Leukemia,4492,21453.0,4.775823686553873,4492,21453.0,570.0,2.6569712,7487.0,34.899548
TGATTTCTCTTCGAGA-1,Leukemia,Leukemia,4390,24033.0,5.474487471526196,4390,24033.0,641.0,2.667166,8285.0,34.47343
TGCCAAAGTCGGCACT-1,Leukemia,Leukemia,3913,16594.0,4.240736008177868,3913,16594.0,432.0,2.6033506,6298.0,37.95348
TGCCCATAGTCTCAAC-1,Leukemia,Leukemia,2068,5350.0,2.5870406189555126,2068,5350.0,205.0,3.831776,2068.0,38.654205
TGCCCTAAGGCCGAAT-1,Leukemia,Leukemia,515,950.0,1.8446601941747574,515,950.0,40.0,4.2105265,379.0,39.894737
TGCGGGTAGACTGGGT-1,Leukemia,Leukemia,4658,27247.0,5.849506225848003,4658,27247.0,952.0,3.4939628,10000.0,36.70129
TGGTTAGTCCCACTTG-1,Leukemia,Leukemia,1984,8663.0,4.366431451612903,1984,8663.0,849.0,9.8003,3117.0,35.980606
TGTATTCTCGATAGAA-1,Leukemia,Leukemia,3794,18107.0,4.772535582498682,3794,18107.0,408.0,2.2532723,6325.0,34.931244
TGTGTTTCAGGTGCCT-1,Leukemia,Leukemia,3838,16501.0,4.2993746743095365,3838,16501.0,364.0,2.205927,5622.0,34.070663
TGTGTTTTCCTAAGTG-1,Leukemia,Leukemia,3471,14944.0,4.305387496398732,3471,14944.0,392.0,2.6231263,5534.0,37.031586
TGTTCCGCAGGCTGAA-1,Leukemia,Leukemia,4229,23366.0,5.525183258453535,4229,23366.0,546.0,2.3367286,9015.0,38.5817
TTAACTCTCTGCTGCT-1,Leukemia,Leukemia,4545,22741.0,5.003520352035204,4545,22741.0,689.0,3.0297701,8264.0,36.33965
TTAGGACCAGTTCATG-1,Leukemia,Leukemia,1861,3272.0,1.7581945190757657,1861,3272.0,236.0,7.212714,403.0,12.316626
TTAGGCACACAGTCGC-1,Leukemia,Leukemia,3377,13852.0,4.101865561148949,3377,13852.0,419.0,3.024834,5035.0,36.34854
TTAGTTCAGACACTAA-1,Leukemia,Leukemia,2279,5601.0,2.4576568670469503,2279,5601.0,105.0,1.8746651,1363.0,24.33494
TTAGTTCAGGCGCTCT-1,Leukemia,Leukemia,3186,11874.0,3.726930320150659,3186,11874.0,188.0,1.5832912,4737.0,39.893887
TTCTACAGTGGCAAAC-1,Leukemia,Leukemia,2356,6774.0,2.8752122241086586,2356,6774.0,121.0,1.7862415,2606.0,38.470623
TTCTCAAGTGGAAAGA-1,Leukemia,Leukemia,4447,20656.0,4.644929165729706,4447,20656.0,557.0,2.696553,7719.0,37.369286
TTGACTTGTACGCACC-1,Leukemia,Leukemia,3573,15711.0,4.397145256087321,3573,15711.0,491.0,3.1251988,6197.0,39.443703
TTGACTTGTAGGCTGA-1,Leukemia,Leukemia,2405,6515.0,2.708939708939709,2405,6515.0,314.0,4.819647,1981.0,30.406752
TTGACTTGTGCAGACA-1,Leukemia,Leukemia,3378,14518.0,4.297809354647721,3378,14518.0,437.0,3.0100565,5277.0,36.34798
TTGCCGTCACGGTAGA-1,Leukemia,Leukemia,4497,26087.0,5.800978430064488,4497,26087.0,677.0,2.5951624,8433.0,32.326447
TTTACTGTCTTCCTTC-1,Leukemia,Leukemia,4300,20924.0,4.866046511627907,4300,20924.0,507.0,2.423055,8148.0,38.94093
TTTATGCGTTTACTCT-1,Leukemia,Leukemia,602,1048.0,1.7408637873754154,602,1048.0,21.0,2.0038166,380.0,36.25954
TTTGCGCGTGAAATCA-1,Leukemia,Leukemia,1079,2209.0,2.0472659870250234,1079,2209.0,138.0,6.2471704,656.0,29.696693
