group,names,scores,logfoldchanges,pvals,pvals_adj,pct_nz_group,pct_nz_reference
0,SPINK2,11.198047,7.5029798,4.168211593279412e-29,1.0897193751829982e-25,0.8064516129032258,0.05217391304347826
0,CD52,10.813813,5.047737,2.961003118599036e-27,5.418783757192166e-24,0.8064516129032258,0.17391304347826086
0,HLA-DRB5,9.11042,4.2023387,8.206328925880369e-20,2.42225681464635e-17,0.7096774193548387,0.15217391304347827
0,ATP8B4,9.078839,4.418639,1.097384928102672e-19,3.1379207619910856e-17,0.7096774193548387,0.15217391304347827
0,PLCB1,9.028178,3.9991038,1.7455267525554406e-19,4.767763035095648e-17,0.7096774193548387,0.1391304347826087
0,PTPRC,8.847904,3.5113835,8.917784732897206e-19,2.1759989267251377e-16,0.7311827956989247,0.2
0,CD53,8.643945,4.7723227,5.430477251927974e-18,1.1357765594160902e-15,0.6559139784946236,0.1
0,HOPX,8.398535,8.217778,4.520822767084601e-17,7.955126639329975e-15,0.6021505376344086,0.013043478260869565
0,FNBP1,8.362349,3.4966557,6.148173232742775e-17,1.0614589079793317e-14,0.6881720430107527,0.17391304347826086
0,SELL,8.354454,5.0853806,6.573626620214532e-17,1.1295836052886013e-14,0.6236559139784946,0.06086956521739131
0,CSF3R,8.06891,5.7325735,7.092851943443945e-16,1.0467962660564186e-13,0.5913978494623656,0.02608695652173913
0,IGHM,7.9162693,7.5069103,2.447434538612134e-15,3.233882727355333e-13,0.5698924731182796,0.013043478260869565
0,ITM2C,7.6925716,3.3232744,1.4420694223632485e-14,1.6494119664974144e-12,0.6451612903225806,0.2
0,IDS,7.6109877,3.905595,2.720094959460767e-14,3.0078004716381732e-12,0.6129032258064516,0.14347826086956522
0,AVP,7.5721693,6.9580016,3.6704245265757347e-14,3.974591955538416e-12,0.5591397849462365,0.04782608695652174
0,ICAM3,7.555721,3.4593997,4.1654583836212647e-14,4.4191287622875916e-12,0.6344086021505376,0.24347826086956523
0,RCSD1,7.2583346,4.6168003,3.9188526934706663e-13,3.481406005672812e-11,0.5591397849462365,0.08695652173913043
0,AL589693.1,7.032663,6.3154793,2.0262836496919094e-12,1.5949249002660984e-10,0.5161290322580645,0.030434782608695653
0,PLAC8,7.021478,3.3472855,2.1953320758304616e-12,1.7096031767546963e-10,0.5913978494623656,0.2
0,AREG,6.8602843,6.0774164,6.872371791977193e-12,4.922420351431649e-10,0.5161290322580645,0.05652173913043478
0,CALN1,6.7885695,3.3629453,1.132510059531412e-11,7.91049631467733e-10,0.5806451612903226,0.1565217391304348
0,MBOAT7,6.745146,3.810299,1.5287366479330115e-11,1.0557224537923802e-09,0.5483870967741935,0.13043478260869565
0,TSC22D3,6.708301,2.6911952,1.9690312742099233e-11,1.3296773739364834e-09,0.6451612903225806,0.23478260869565218
0,RBPMS,6.673431,5.1427054,2.498915986078769e-11,1.6720808776319747e-09,0.4946236559139785,0.021739130434782608
0,PRKCB,6.663562,3.1046546,2.6726978328515567e-11,1.7657655844801413e-09,0.5913978494623656,0.21739130434782608
0,HLA-DQB1,6.6464553,4.3416443,3.0023539006478257e-11,1.9658167284009137e-09,0.5268817204301075,0.1
0,SMIM24,6.639876,3.7277834,3.139470609506752e-11,2.0519243531885114e-09,0.5376344086021505,0.09565217391304348
0,CRHBP,6.610927,3.629027,3.8192100389873355e-11,2.4610370886791457e-09,0.5376344086021505,0.0782608695652174
0,FLT3,6.5523705,6.94049,5.663073196365784e-11,3.4777540614124843e-09,0.4731182795698925,0.013043478260869565
0,C1QTNF4,6.43789,5.794535,1.21145646008608e-10,6.993772538739844e-09,0.4731182795698925,0.021739130434782608
0,RNF125,6.3266993,4.294006,2.504609594804105e-10,1.3661880145964984e-08,0.5053763440860215,0.10869565217391304
0,CASC15,6.321436,2.9312265,2.591442179337184e-10,1.4093517861206578e-08,0.5591397849462365,0.14782608695652175
0,CHRM3,6.276038,2.3073976,3.473088730841457e-10,1.83963126827103e-08,0.6236559139784946,0.1956521739130435
0,CD109,6.187875,3.1705906,6.098066399302065e-10,3.108570031766781e-08,0.5376344086021505,0.1608695652173913
0,CORO1A,6.125371,3.096522,9.047244323812218e-10,4.511419475420314e-08,0.5376344086021505,0.17391304347826086
0,ZFP36,6.0885267,2.6085,1.1395434943971894e-09,5.628668210314646e-08,0.5806451612903226,0.2
0,PROM1,5.963519,4.6329923,2.468623268894837e-09,1.1365293115071689e-07,0.45161290322580644,0.043478260869565216
0,NEGR1,5.885883,5.2432985,3.959343811898303e-09,1.7629676746872234e-07,0.44086021505376344,0.034782608695652174
0,PPP1R16B,5.824037,2.6737292,5.744280472576111e-09,2.4910712035160927e-07,0.5268817204301075,0.13043478260869565
0,ANKRD44,5.792456,4.149529,6.936438990074732e-09,2.972840790113879e-07,0.46236559139784944,0.08695652173913043
0,SORL1,5.787193,6.806112,7.157241740895914e-09,3.0496182183763833e-07,0.41935483870967744,0.013043478260869565
0,AJ009632.2,5.6773176,2.6180036,1.3682320376232668e-08,5.485066901319736e-07,0.5161290322580645,0.12608695652173912
0,DACH1,5.595076,2.7339218,2.2052528787032373e-08,8.550260658200974e-07,0.5268817204301075,0.2217391304347826
0,AC020916.1,5.575996,2.260796,2.4611788452294866e-08,9.46235366746265e-07,0.5591397849462365,0.18695652173913044
0,CD34,5.5608635,2.9486632,2.6844342447171687e-08,1.0266768839173781e-06,0.4838709677419355,0.13478260869565217
0,CD69,5.4516463,2.6725779,4.990568398510651e-08,1.828426365904788e-06,0.5053763440860215,0.14782608695652175
0,MDK,5.426645,2.4544446,5.742329718930039e-08,2.0850695440729996e-06,0.5053763440860215,0.13478260869565217
0,COL24A1,5.1950517,3.160631,2.0466301179044426e-07,6.688277584412545e-06,0.44086021505376344,0.09130434782608696
0,GLIPR1,5.1766295,6.2714267,2.2593027414198334e-07,7.311471232423282e-06,0.3763440860215054,0.013043478260869565
0,PIK3R1,5.0766234,2.7887025,3.8420127063215987e-07,1.1816933366729146e-05,0.4946236559139785,0.23478260869565218
0,ARMH1,5.041095,2.333987,4.6287571505925837e-07,1.4047855760268588e-05,0.5053763440860215,0.20869565217391303
0,EVI2B,5.0246468,6.6336694,5.043604470839977e-07,1.516852647799622e-05,0.3655913978494624,0.013043478260869565
0,ARHGAP25,5.0160933,4.851908,5.273269114614809e-07,1.578143277710684e-05,0.3763440860215054,0.02608695652173913
0,LSP1,5.01083,3.0400102,5.419578706327255e-07,1.6179608501654476e-05,0.44086021505376344,0.12173913043478261
0,CTSS,4.992408,3.3781085,5.963118524209725e-07,1.7643985537962827e-05,0.41935483870967744,0.09130434782608696
0,FRMD4B,4.979249,3.003665,6.38314440161881e-07,1.8765419136036148e-05,0.44086021505376344,0.11739130434782609
0,ADAM28,4.9674063,4.069504,6.785433457551858e-07,1.9789135456562196e-05,0.3978494623655914,0.06956521739130435
0,LINC00910,4.9555635,3.1193426,7.212098089832714e-07,2.0916798905385668e-05,0.44086021505376344,0.13478260869565217
0,PRKCH,4.9358253,2.6243103,7.981248096522852e-07,2.2893547145833302e-05,0.4946236559139785,0.24347826086956523
0,HLA-DQA1,4.897665,4.1131697,9.698208770783055e-07,2.741035824088267e-05,0.3978494623655914,0.07391304347826087
0,PYCARD,4.839109,2.4342916,1.3042248894226753e-06,3.586471463392888e-05,0.4731182795698925,0.20434782608695654
0,SVIL,4.7555513,3.7453048,1.9790556383873664e-06,5.2413469913615054e-05,0.3655913978494624,0.02608695652173913
0,SBF2,4.704232,2.9982064,2.548228112435074e-06,6.614730293846536e-05,0.41935483870967744,0.11739130434782609
0,RHOH,4.695021,2.8350687,2.6657888231974613e-06,6.885711836122109e-05,0.46236559139784944,0.20869565217391303
0,TPM4,4.6831784,2.3711035,2.824602991207188e-06,7.265164728121876e-05,0.46236559139784944,0.1826086956521739
0,IFI16,4.6739674,2.2920663,2.9543618850011576e-06,7.545889696645315e-05,0.4731182795698925,0.2
0,SKIL,4.645676,2.461356,3.3896422941570717e-06,8.538492608977493e-05,0.45161290322580644,0.1608695652173913
0,CXCR4,4.6154113,4.1516905,3.923176476589333e-06,9.741667721821315e-05,0.3655913978494624,0.04782608695652174
0,PRAM1,4.585804,5.939822,4.522422714031163e-06,0.0001106451829921488,0.3333333333333333,0.008695652173913044
0,XYLT1,4.555539,3.6162393,5.225136681766807e-06,0.00012598499847783063,0.3763440860215054,0.07391304347826087
0,AL691403.1,4.5358014,2.2639208,5.738522304639987e-06,0.00013665299601309575,0.4731182795698925,0.22608695652173913
0,LPP,4.5318537,2.7667165,5.846837594789943e-06,0.00013896110571877057,0.41935483870967744,0.13478260869565217
0,BTBD11,4.523958,3.1080523,6.0693672972675e-06,0.00014350446540522464,0.3978494623655914,0.10434782608695652
0,SCAPER,4.5042205,3.0395994,6.661706900190788e-06,0.00015569931944692405,0.3978494623655914,0.10434782608695652
0,HDAC9,4.4857984,3.8071568,7.264148995754457e-06,0.0001685955088101515,0.3548387096774194,0.043478260869565216
0,CARD19,4.4713235,2.1217163,7.773697262154771e-06,0.0001786096004344801,0.4838709677419355,0.22608695652173913
0,SGK3,4.470008,2.2567647,7.821677650625514e-06,0.00017959926203923744,0.4731182795698925,0.23478260869565218
0,ANXA6,4.4121094,4.7818956,1.0236833040661209e-05,0.00022972306935698398,0.3333333333333333,0.02608695652173913
0,MAML2,4.396319,4.8036227,1.101020709316712e-05,0.00024602233810562253,0.3333333333333333,0.02608695652173913
0,INPP4B,4.378555,1.6936288,1.1946890096819093e-05,0.00026614006356279706,0.5376344086021505,0.2391304347826087
0,LAT2,4.3226304,1.8764238,1.541799272680076e-05,0.00033430921314788777,0.4838709677419355,0.23043478260869565
0,GIT2,4.2732854,2.577633,1.926137758214423e-05,0.00040939935010688783,0.43010752688172044,0.1956521739130435
0,TNRC18,4.255521,2.3579667,2.0856275762701633e-05,0.00044048502549950513,0.45161290322580644,0.24347826086956523
0,PBXIP1,4.238415,3.4369268,2.2510364669664606e-05,0.00047242078972155636,0.3548387096774194,0.07391304347826087
0,LINC01122,4.2147293,4.143864,2.5007819730106253e-05,0.0005194728773788984,0.3333333333333333,0.043478260869565216
0,LAIR1,4.197623,4.5234227,2.6973141996669218e-05,0.0005571354233747687,0.3225806451612903,0.034782608695652174
0,TFPI,4.185122,2.1612957,2.8501294838713255e-05,0.0005863833009509522,0.45161290322580644,0.23043478260869565
0,TLE4,4.1699896,3.0910525,3.046136295108238e-05,0.0006235550030047909,0.3655913978494624,0.09565217391304348
0,RAP1GAP2,4.1384087,3.768036,3.4972303059596796e-05,0.0007064135012606525,0.3333333333333333,0.05217391304347826
0,MZB1,4.1305137,5.385296,3.6195390676738046e-05,0.000728305384364645,0.3118279569892473,0.02608695652173913
0,RELL1,4.1213026,2.4038713,3.7673657160165433e-05,0.000754318121290599,0.44086021505376344,0.24782608695652175
0,LPCAT2,4.105512,2.980111,4.034204421618764e-05,0.000801171546585287,0.3763440860215054,0.11739130434782609
0,FHL1,4.093669,3.138573,4.246001205398022e-05,0.0008373269941744236,0.34408602150537637,0.06086956521739131
0,PDE4B,4.085774,28.674622,4.393014181044936e-05,0.0008644554410775575,0.2903225806451613,0.0
0,SERPINB6,4.084458,1.5881327,4.4179809687830474e-05,0.000867968445724253,0.4946236559139785,0.24347826086956523
0,PHACTR1,4.076563,2.2219942,4.57063116513109e-05,0.0008950758227659872,0.43010752688172044,0.19130434782608696
0,ACAP1,4.0699835,2.3945882,4.7016473064928876e-05,0.000917786629679713,0.41935483870967744,0.19130434782608696
0,PCDH9,4.0699835,2.8464103,4.7016473064928876e-05,0.000917786629679713,0.3655913978494624,0.09565217391304348
0,DOCK10,4.0574827,3.1065035,4.960448723689593e-05,0.0009647044831868374,0.34408602150537637,0.06521739130434782
0,AC068587.4,4.023928,2.474949,5.7235409687149924e-05,0.0010979419444231522,0.41935483870967744,0.1956521739130435
0,ITGA9,3.974583,2.9806616,7.050268626924438e-05,0.0013335756176437279,0.34408602150537637,0.07391304347826087
0,SPNS3,3.8903673,7.9115915,0.0001000925914607519,0.0018308290554997404,0.27956989247311825,0.004347826086956522
0,SPTBN1,3.8614182,3.6985037,0.0001127307544880018,0.0020385663759957284,0.3225806451612903,0.06521739130434782
0,DENND5A,3.8476017,2.3640926,0.00011927982808963162,0.00214428339288242,0.3978494623655914,0.17391304347826086
0,ANTXR2,3.8199682,2.7633464,0.00013346881446173073,0.002365662023299664,0.3548387096774194,0.10869565217391304
0,NPDC1,3.7469375,2.8954828,0.0001790066064834929,0.003070206562278502,0.3225806451612903,0.06521739130434782
0,RFTN1,3.7120671,2.2611766,0.00020557351135572035,0.003472171707028482,0.3978494623655914,0.1956521739130435
0,L3MBTL4,3.7081194,2.2697625,0.00020880416993892663,0.0035234861336720393,0.3978494623655914,0.18695652173913044
0,CABLES1,3.6883814,2.245174,0.00022568517890581556,0.0037701064505393676,0.41935483870967744,0.2391304347826087
0,BIN1,3.681802,3.9375026,0.00023159119466320527,0.003861717228185866,0.2903225806451613,0.034782608695652174
0,FAM215B,3.6594322,4.8228984,0.00025277463112578704,0.004176886805343084,0.27956989247311825,0.02608695652173913
0,HIVEP3,3.6396942,3.903884,0.0002729619685341699,0.004482135940026538,0.2903225806451613,0.0391304347826087
0,CAPG,3.6291673,3.954698,0.00028433694389652306,0.004650141413564183,0.2903225806451613,0.043478260869565216
0,ATXN1,3.6265357,2.1937597,0.00028724929038101773,0.004689389508133644,0.3978494623655914,0.2
0,TBXAS1,3.621272,1.4701066,0.0002931580168850705,0.004775200968406972,0.46236559139784944,0.24347826086956523
0,AC103591.3,3.5989022,2.4393885,0.00031956321390998334,0.005157113400493519,0.3763440860215054,0.16521739130434782
0,SUN2,3.5975864,3.225325,0.0003211837888635684,0.005178699496121351,0.3118279569892473,0.07391304347826087
0,SPI1,3.5896912,3.456611,0.00033106990940775415,0.005317020515240549,0.3010752688172043,0.06086956521739131
0,TCF7L2,3.552847,3.1270528,0.00038108622678659383,0.0060407695914318415,0.3225806451612903,0.09565217391304348
0,LNCAROD,3.5475833,5.113635,0.00038878264750596465,0.006144142349467104,0.26881720430107525,0.021739130434782608
0,MTMR6,3.5436358,3.029645,0.0003946500233316833,0.0062287992686343,0.3333333333333333,0.11304347826086956
0,PLCL2,3.54232,2.7129204,0.00039662413038417144,0.00625186899060769,0.34408602150537637,0.13043478260869565
0,SIPA1L1,3.5225818,2.1722472,0.00042736500556087167,0.006678901182123596,0.3763440860215054,0.15217391304347827
0,MIR99AHG,3.521266,3.741405,0.0004294915281411233,0.006703547727715673,0.2903225806451613,0.05217391304347826
0,CLEC2B,3.5087652,1.866227,0.00045019206545444956,0.006976071036282096,0.3870967741935484,0.1608695652173913
0,APP,3.4975803,2.021725,0.0004694992334244702,0.0072171950619777546,0.3978494623655914,0.2
0,PRKCE,3.4738948,2.3612626,0.0005129622613935384,0.007822888220527041,0.3870967741935484,0.2
0,LINC-PINT,3.4284973,4.0631557,0.0006069327251783418,0.009104239620595282,0.27956989247311825,0.04782608695652174
0,DDIT4,3.4238918,4.939866,0.0006173121928223588,0.00922590590832632,0.26881720430107525,0.034782608695652174
0,KLF12,3.4120488,2.409629,0.0006447655363201574,0.00958921714541003,0.3225806451612903,0.09565217391304348
0,AC114760.2,3.4120488,3.3863733,0.0006447655363201574,0.00958921714541003,0.3118279569892473,0.09565217391304348
0,HCST,3.411391,2.5378008,0.0006463235286854492,0.00960458281502888,0.3225806451612903,0.09130434782608696
0,TP53BP1,3.4067855,2.3602192,0.0006573279010674988,0.009756228105016838,0.3763440860215054,0.1956521739130435
0,IRAK3,3.4041536,2.2632732,0.0006636940853889681,0.009822833489414323,0.3548387096774194,0.15217391304347827
0,AKT3,3.3929687,1.8104948,0.0006913952204207353,0.010199821226368132,0.40860215053763443,0.2217391304347826
0,BAALC,3.3686252,4.253197,0.0007554408332313075,0.011055533761335102,0.26881720430107525,0.0391304347826087
0,GADD45B,3.3541505,3.1301587,0.0007960901583879134,0.011590173383912496,0.3010752688172043,0.0782608695652174
0,BCL2,3.3423078,2.5897026,0.000830848729638621,0.012038754692598245,0.3333333333333333,0.12608695652173912
0,DANT2,3.3192801,2.3606758,0.0009024985839393652,0.012979312640771987,0.3655913978494624,0.18695652173913044
0,C1orf162,3.3080952,3.4046333,0.0009393287286832338,0.013435080421467386,0.26881720430107525,0.0391304347826087
0,ABCB1,3.2923048,1.9514458,0.0009936986352950979,0.014091578361269227,0.3548387096774194,0.1391304347826087
0,BACH2,3.289673,3.9288347,0.0010030386462198315,0.01417460134760311,0.26881720430107525,0.043478260869565216
0,KHDRBS2,3.289673,2.3620827,0.0010030386462198315,0.01417460134760311,0.3118279569892473,0.08695652173913043
0,CCDC18-AS1,3.2238796,2.077359,0.0012646657313393885,0.017329850405373628,0.3978494623655914,0.24347826086956523
0,VSIR,3.2133527,2.140795,0.001311951120632709,0.017877409890646977,0.3333333333333333,0.13043478260869565
0,BEX2,3.2061152,1.8489805,0.0013454005146150668,0.01827876920394434,0.3870967741935484,0.2217391304347826
0,DYTN,3.179798,3.8174465,0.001473777728443345,0.019773364603649146,0.25806451612903225,0.0391304347826087
0,KCNAB2,3.17914,2.6333427,0.0014771272008636358,0.019803784864032944,0.3010752688172043,0.09565217391304348
0,CHRM3-AS2,3.1778243,2.6616945,0.0014838471988639999,0.019886595139370654,0.2903225806451613,0.0782608695652174
0,SYT1,3.1719027,3.722551,0.0015144371970335934,0.020222515814894766,0.25806451612903225,0.0391304347826087
0,AC079793.1,3.128479,2.29767,0.0017571353600933446,0.023134140760710974,0.3225806451612903,0.12608695652173912
0,PLAAT4,3.1186101,2.0087004,0.0018170628107543,0.02383738922452263,0.3548387096774194,0.1782608695652174
0,UBE2H,3.117294,1.9997813,0.001825193529764143,0.023926901283272708,0.3763440860215054,0.20869565217391303
0,CPNE8,3.0982141,2.003237,0.0019469074700549517,0.025349968093732224,0.3870967741935484,0.2391304347826087
0,ITGA9-AS1,3.0607119,2.4223325,0.002208115343606832,0.028357624453106543,0.3010752688172043,0.10434782608695652
0,PHGDH,3.059396,2.6301916,0.002217838372505289,0.02844257262511075,0.2903225806451613,0.09130434782608696
0,PPP1R18,3.0541325,2.6216903,0.002257124117877851,0.02886547862978589,0.2903225806451613,0.09130434782608696
0,DOCK2,3.0008397,2.0380995,0.0026923622501710347,0.033666945923645386,0.34408602150537637,0.16956521739130434
0,DST,2.9968922,2.770493,0.002727472054074255,0.034013016916923954,0.27956989247311825,0.08260869565217391
0,P2RX1,2.958074,2.1326182,0.0030956781019439625,0.03804731840471826,0.3333333333333333,0.1608695652173913
0,MCF2L2,2.956758,2.163325,0.003108918956241238,0.038184410307847506,0.34408602150537637,0.19130434782608696
0,RHEX,2.9396517,2.4321446,0.0032858125241128928,0.04006130053133111,0.3333333333333333,0.1782608695652174
0,MCTP1,2.9297829,2.0510788,0.0033919900473073196,0.041163868607922816,0.3010752688172043,0.10869565217391304
0,AP003086.1,2.8817537,1.666658,0.003954688855144737,0.04713304030841827,0.3763440860215054,0.2217391304347826
1,GYPA,10.696101,3.8066444,1.0615136309707619e-26,4.856557550895107e-23,0.8522727272727273,0.13617021276595745
1,ALAS2,10.61179,3.651635,2.626675196357256e-26,1.068210431798577e-22,0.875,0.15319148936170213
1,TSPAN17,9.24475,2.6364884,2.3579087670275503e-20,2.39727274394376e-17,0.8409090909090909,0.2297872340425532
1,GYPB,9.165792,3.5395658,4.9184273710007405e-20,4.39071610258532e-17,0.75,0.11063829787234042
1,TLCD4,8.66595,2.4841843,4.477650582923641e-18,3.213460568344866e-15,0.8068181818181818,0.18723404255319148
1,A4GALT,8.409672,2.2645216,4.111609419067635e-17,2.427242199149911e-14,0.8295454545454546,0.2
1,RHAG,8.38023,2.4365022,5.282458607576797e-17,3.020988554623724e-14,0.7954545454545454,0.2170212765957447
1,AK1,7.695037,2.387475,1.4145356848248555e-14,5.177342060027454e-12,0.7272727272727273,0.1829787234042553
1,TUBB2A,7.5498347,2.5520377,4.358110097109814e-14,1.463405391415746e-11,0.6931818181818182,0.15319148936170213
1,RFESD,7.4842596,1.9777024,7.195160374532113e-14,2.290000564071738e-11,0.7840909090909091,0.2297872340425532
1,DNAJA4,7.441435,2.400287,9.959734634363625e-14,3.115694421814898e-11,0.6931818181818182,0.15319148936170213
1,FAM89A,7.13631,1.9615848,9.586958266081623e-13,2.5992019221989146e-10,0.7386363636363636,0.18723404255319148
1,UCA1,7.0479846,2.0459163,1.8152787677569049e-12,4.5821391847358945e-10,0.7159090909090909,0.2127659574468085
1,C9orf40,6.81981,2.0740104,9.116104957000318e-12,1.951219634685197e-09,0.6931818181818182,0.20851063829787234
1,CA1,6.8070965,3.0285816,9.958821998148471e-12,2.1192025811292573e-09,0.6477272727272727,0.19574468085106383
1,ABCB10,6.7970595,2.020655,1.0677610216610033e-11,2.2590243441511205e-09,0.7045454545454546,0.2
1,AL031123.5,6.7636027,2.2120106,1.346018882728525e-11,2.7805504589249475e-09,0.6590909090909091,0.17446808510638298
1,KEL,6.734161,2.0492034,1.64878745210593e-11,3.3341032892005054e-09,0.6931818181818182,0.2170212765957447
1,PKLR,6.6833067,2.4041288,2.3361000980772377e-11,4.494181276753171e-09,0.625,0.14042553191489363
1,ADD2,6.676615,2.1127315,2.4452366906101307e-11,4.6372076742498126e-09,0.6704545454545454,0.2
1,ABHD5,6.5989957,1.5564934,4.13951984347657e-11,7.500523058964649e-09,0.7386363636363636,0.20851063829787234
1,LINC01133,6.4678454,2.4673095,9.940997402501205e-11,1.6844928052266045e-08,0.5909090909090909,0.1276595744680851
1,CD36,6.4464335,1.7692279,1.1451293717803267e-10,1.905130915296897e-08,0.7159090909090909,0.2170212765957447
1,ST6GALNAC4,6.435727,1.8928522,1.2288355295601043e-10,2.0259733881724944e-08,0.6704545454545454,0.20851063829787234
1,APOE,6.4103003,1.4932295,1.4523343328249054e-10,2.3520747307842638e-08,0.7727272727272727,0.24680851063829787
1,C16orf95,6.3969173,2.268578,1.585449681292936e-10,2.5451334993422258e-08,0.6136363636363636,0.14468085106382977
1,COCH,6.360784,1.7128491,2.007262248688109e-10,3.194252415836238e-08,0.7045454545454546,0.2127659574468085
1,PRKAR1B,6.359446,1.6623471,2.024827209666623e-10,3.208255441602081e-08,0.7272727272727273,0.2425531914893617
1,HBM,6.3233128,3.8425155,2.560143678343846e-10,3.987396543449494e-08,0.5227272727272727,0.0851063829787234
1,CCNE1,6.160044,2.0035634,7.272466107319481e-10,1.0397637968515638e-07,0.625,0.1829787234042553
1,EPB42,6.1520147,3.1573296,7.650485353839387e-10,1.0769823632149055e-07,0.5227272727272727,0.08936170212765958
1,AC073210.3,6.0222025,1.677127,1.7205929222357039e-09,2.217444420660176e-07,0.6818181818181818,0.2170212765957447
1,AC073349.1,6.0208645,2.2778032,1.7348809211638928e-09,2.228013213877882e-07,0.5681818181818182,0.1276595744680851
1,MYBL2,5.8007193,1.6289577,6.603101406151661e-09,7.436311217432521e-07,0.6477272727272727,0.22127659574468084
1,HBG1,5.753211,2.888375,8.756412434899688e-09,9.682581617213399e-07,0.5909090909090909,0.17872340425531916
1,PSME3,5.7411666,1.5603817,9.402657820124173e-09,1.0273035190279547e-06,0.6590909090909091,0.225531914893617
1,SLC48A1,5.7050333,1.4705175,1.1632034909436987e-08,1.2412364714877645e-06,0.6590909090909091,0.20425531914893616
1,OSBP2,5.6769295,2.470711,1.3713380982772653e-08,1.429981359972826e-06,0.5227272727272727,0.1148936170212766
1,CXADR,5.492249,1.6777797,3.9684777868911285e-08,3.6865547075635074e-06,0.5909090909090909,0.17446808510638298
1,MICALL2,5.4674907,1.8905128,4.564507422170149e-08,4.1871061693947275e-06,0.5568181818181818,0.14468085106382977
1,RANBP10,5.4447403,1.5263667,5.1881017978734535e-08,4.700240443167482e-06,0.625,0.20425531914893616
1,PLIN2,5.4012465,1.4052266,6.617936405635797e-08,5.8226704418912455e-06,0.6363636363636364,0.23404255319148937
1,UGCG,5.377827,1.5419962,7.53902241294031e-08,6.585578981766785e-06,0.5795454545454546,0.1702127659574468
1,APOL4,5.3503923,2.3047628,8.776368686325891e-08,7.576034676608819e-06,0.5,0.11063829787234042
1,CPOX,5.2982,1.9117725,1.1694979665868534e-07,9.79514761442687e-06,0.5454545454545454,0.14468085106382977
1,LGALS3,5.2861557,2.8187797,1.2491362247512623e-07,1.0390826127754762e-05,0.4659090909090909,0.08085106382978724
1,DLGAP5,5.2808027,1.9388362,1.2861922409551857e-07,1.0650661133755826e-05,0.5454545454545454,0.16170212765957448
1,AKR1C1,5.2393165,1.8619902,1.611725983433771e-07,1.2936575157820055e-05,0.5454545454545454,0.15319148936170213
1,PBK,5.1964917,2.1179302,2.0308462100194261e-07,1.5985161749015274e-05,0.5,0.1276595744680851
1,IFI27,5.181102,2.7559552,2.2057921874726176e-07,1.7250897404633605e-05,0.4659090909090909,0.09361702127659574
1,AL031123.4,5.1784253,2.5586202,2.2376684125498318e-07,1.7304234268009945e-05,0.4659090909090909,0.09361702127659574
1,ANKLE1,5.172403,1.7955533,2.311025648407216e-07,1.7658841285459813e-05,0.5340909090909091,0.14042553191489363
1,SORD,5.1697264,1.4740585,2.344369719421937e-07,1.7876307520950483e-05,0.6363636363636364,0.24680851063829787
1,PRR34-AS1,5.1603584,1.7039198,2.464773654563562e-07,1.8639086886504324e-05,0.5454545454545454,0.15319148936170213
1,MXI1,5.138946,1.5481857,2.762834098804367e-07,2.0637243030681357e-05,0.5454545454545454,0.13191489361702127
1,PGRMC2,5.117534,1.4299663,3.095563194104812e-07,2.2842884771659318e-05,0.6136363636363636,0.2127659574468085
1,TMOD1,5.11285,2.0461485,3.173342183390993e-07,2.3369717757403167e-05,0.5113636363636364,0.14468085106382977
1,B3GALNT1,5.0747094,1.3877788,3.880886044510379e-07,2.790654422693996e-05,0.6136363636363636,0.2127659574468085
1,POLR3H,5.0412526,1.3502222,4.624941618071078e-07,3.27422607665415e-05,0.6363636363636364,0.23404255319148937
1,ORC1,5.0251937,1.7204678,5.029251060175978e-07,3.546736378680173e-05,0.5454545454545454,0.1702127659574468
1,PPT2,4.9857144,1.8396201,6.173320006183505e-07,4.223358608342476e-05,0.5340909090909091,0.16170212765957448
1,MRM2,4.9709935,1.0844721,6.661061158245852e-07,4.4981826467335136e-05,0.6704545454545454,0.24680851063829787
1,RBM38,4.9649715,1.5789392,6.871115774269301e-07,4.589228256460414e-05,0.5681818181818182,0.2127659574468085
1,GUCD1,4.9355297,1.4011507,7.993354541195291e-07,5.2337168079121446e-05,0.6136363636363636,0.2297872340425532
1,LINC01151,4.9321837,2.556894,8.131528046512563e-07,5.305206025497439e-05,0.4431818181818182,0.0851063829787234
1,SPTB,4.867278,1.88417,1.1314581998820493e-06,7.091181776349808e-05,0.5,0.14893617021276595
1,IFIT3,4.848542,1.7518073,1.2437204148211777e-06,7.676460523249566e-05,0.5340909090909091,0.1829787234042553
1,RRP9,4.8451967,1.2993668,1.2648637455161336e-06,7.767664085509397e-05,0.625,0.24680851063829787
1,SNHG10,4.8003645,1.4708732,1.5837699905625452e-06,9.3950673297536e-05,0.6022727272727273,0.2425531914893617
1,PLPP4,4.791666,1.7371475,1.6540217408243348e-06,9.734153553847228e-05,0.5113636363636364,0.15319148936170213
1,AFMID,4.7909966,1.2066709,1.6595480499441737e-06,9.734153553847228e-05,0.6022727272727273,0.2170212765957447
1,CCDC137,4.778952,1.3035569,1.7621093882631877e-06,0.00010204899639212172,0.5795454545454546,0.19148936170212766
1,VWA8,4.7695847,1.1254971,1.846063070389258e-06,0.00010590557122150038,0.6477272727272727,0.2425531914893617
1,BNIP3,4.762893,1.2564965,1.9083690298610996e-06,0.0001091378357217908,0.625,0.2425531914893617
1,ASNSD1,4.6999946,1.3369612,2.6016838427852267e-06,0.00014560279866939157,0.5454545454545454,0.16595744680851063
1,LRR1,4.6745677,1.3484564,2.9457372468104308e-06,0.00016213072025640388,0.6022727272727273,0.2425531914893617
1,CTSE,4.631743,3.2231922,3.6260015601042094e-06,0.00019459718929820257,0.38636363636363635,0.05106382978723404
1,STEAP3,4.5956097,1.7069237,4.314856192595584e-06,0.00022625795344583235,0.5,0.15319148936170213
1,AL138720.1,4.5802197,2.0716472,4.644878119087232e-06,0.00024089257980997974,0.4431818181818182,0.10212765957446808
1,OSBPL6,4.5788813,1.2302577,4.6746914255655775e-06,0.00024132352731611522,0.5795454545454546,0.2127659574468085
1,SPTA1,4.5782123,1.3716537,4.689666730618619e-06,0.00024175562254559447,0.5681818181818182,0.20851063829787234
1,AC012146.1,4.547432,1.3125589,5.43044261619574e-06,0.0002741512140625935,0.5795454545454546,0.225531914893617
1,NADK2,4.545425,1.4088364,5.482458940604199e-06,0.00027639597752762295,0.5340909090909091,0.1702127659574468
1,PRG2,4.5059457,1.5592084,6.607794193685019e-06,0.00032638579660332714,0.48863636363636365,0.14893617021276595
1,LETM1,4.5046077,1.3431299,6.649570829769456e-06,0.0003271249219628923,0.5454545454545454,0.2
1,ROGDI,4.4644594,1.339835,8.027111020960133e-06,0.00038556468566687904,0.5454545454545454,0.2
1,SLC25A15,4.4550915,1.5820708,8.385735143348401e-06,0.00040173598426923406,0.5,0.1702127659574468
1,SOX6,4.4450545,3.2535818,8.786951642957875e-06,0.0004155183683254537,0.3522727272727273,0.02553191489361702
1,ATP7B,4.4109287,1.6204343,1.0292813163332436e-05,0.00047868774408021665,0.4772727272727273,0.14468085106382977
1,WIPF3,4.4095907,2.046214,1.0356622583143299e-05,0.00048104409031171055,0.4318181818181818,0.11063829787234042
1,COMTD1,4.386171,1.3360875,1.1536348370905905e-05,0.0005258304940517148,0.5113636363636364,0.16170212765957448
1,DPH3,4.362751,1.085349,1.284369556293962e-05,0.0005775087239547334,0.6022727272727273,0.2425531914893617
1,FAHD1,4.356729,1.3308997,1.3202053549716683e-05,0.0005921671102612503,0.5340909090909091,0.18723404255319148
1,ACADS,4.333309,1.3916401,1.4688447647257606e-05,0.0006524415926423249,0.5,0.16595744680851063
1,THEM6,4.3239417,1.2216402,1.5326596041494788e-05,0.0006758659538731936,0.5681818181818182,0.2170212765957447
1,ERI1,4.315243,1.0459116,1.5942760980370864e-05,0.0006971576996924182,0.6022727272727273,0.24680851063829787
1,SNX8,4.3092203,1.1194465,1.638309252725182e-05,0.0007130054335195528,0.5795454545454546,0.2425531914893617
1,SPHK1,4.3072133,2.10263,1.6532428217420226e-05,0.0007186501249237502,0.42045454545454547,0.10212765957446808
1,PPOX,4.295838,1.3603907,1.7403474000951095e-05,0.0007485129869668754,0.5340909090909091,0.2
1,CHORDC1,4.2938304,1.0610355,1.756165858647829e-05,0.0007535454465693927,0.5568181818181818,0.2127659574468085
1,KIAA0930,4.2884774,1.6425043,1.7990209246000615e-05,0.000770128243991659,0.42045454545454547,0.09361702127659574
1,ALKBH2,4.2844625,1.471989,1.8318141248906526e-05,0.000779607311454916,0.48863636363636365,0.16170212765957448
1,MECR,4.271749,1.3865325,1.939457462775774e-05,0.0008206483537000706,0.5227272727272727,0.2
1,COA6,4.253013,1.2303649,2.1091301938090146e-05,0.0008782283756951508,0.5681818181818182,0.225531914893617
1,CD3EAP,4.1941295,1.6354787,2.7392138541239412e-05,0.0011029479238150756,0.4431818181818182,0.13191489361702127
1,MRS2,4.191453,1.5182612,2.7717357141238294e-05,0.0011123716981649811,0.4659090909090909,0.14893617021276595
1,GCLC,4.190115,1.2411466,2.7881339897287636e-05,0.0011177271868352955,0.5227272727272727,0.1829787234042553
1,ATP6V1C1,4.1794086,1.372106,2.922681175926452e-05,0.0011652838095869726,0.48863636363636365,0.16595744680851063
1,AGFG2,4.157996,2.0850546,3.2105114971377855e-05,0.0012608147135916318,0.4090909090909091,0.1148936170212766
1,TST,4.1446137,1.4077489,3.40387064990698e-05,0.001322559125873093,0.5,0.1829787234042553
1,FAM83D,4.1272163,1.2272397,3.6718114472497646e-05,0.0014101990638068062,0.5454545454545454,0.22127659574468084
1,MTHFR,4.1124954,1.528838,3.9140550033267184e-05,0.0014985180667025232,0.4431818181818182,0.1148936170212766
1,TANGO2,4.111826,1.0633997,3.9254187719671995e-05,0.0015012983539474552,0.5113636363636364,0.19574468085106383
1,DPH2,4.092421,1.1882986,4.268922288901982e-05,0.0016141200898357588,0.5681818181818182,0.2425531914893617
1,TP53RK,4.091083,1.1492717,4.2936343950444566e-05,0.0016217885706194238,0.5113636363636364,0.19148936170212766
1,KATNA1,4.087068,1.2635527,4.368587530419204e-05,0.0016450069156468447,0.5,0.17446808510638298
1,B3GALNT2,4.066325,1.2306168,4.776030990352965e-05,0.0017783063100499377,0.48863636363636365,0.17872340425531916
1,TIMM21,4.0643177,1.3788391,4.817318444949992e-05,0.0017918564268660025,0.4659090909090909,0.14893617021276595
1,PMP22,4.0562882,1.2657952,4.9858766765872505e-05,0.0018395975024170358,0.5113636363636364,0.2
1,FANCA,4.0542808,1.1559291,5.0288814859381106e-05,0.001851731300471034,0.5340909090909091,0.2127659574468085
1,EPCAM,4.0415673,1.3533891,5.309518305916954e-05,0.0019433367951486643,0.4772727272727273,0.16170212765957448
1,SLC1A5,4.0382214,1.2572765,5.3858001402073964e-05,0.001965360627435004,0.48863636363636365,0.16170212765957448
1,CTSZ,4.0368834,1.7874936,5.4166026647157045e-05,0.001972667404291139,0.3977272727272727,0.09361702127659574
1,MORN2,4.014802,1.0233136,5.9495781050871716e-05,0.0021391012595706835,0.5454545454545454,0.20851063829787234
1,SSX2IP,4.014802,1.2786199,5.9495781050871716e-05,0.0021391012595706835,0.5,0.17446808510638298
1,RAD17,4.011456,1.2023715,6.0345402411241284e-05,0.002167519208688756,0.48863636363636365,0.1702127659574468
1,HBG2,4.001419,2.6215382,6.296372726177597e-05,0.0022571355352676422,0.4318181818181818,0.16170212765957448
1,MRFAP1L1,3.9947278,1.3277552,6.47686358700751e-05,0.002315035978008417,0.4659090909090909,0.14893617021276595
1,RHNO1,3.9826834,1.0802153,6.814152047571973e-05,0.002428478861666814,0.5454545454545454,0.2170212765957447
1,PREB,3.9800067,1.3600262,6.891329481341822e-05,0.0024512104018133336,0.48863636363636365,0.1829787234042553
1,FKBPL,3.9693007,2.2639647,7.208387834745237e-05,0.002551588038099714,0.36363636363636365,0.06808510638297872
1,TRAK2,3.9652858,1.0879345,7.330803707672302e-05,0.002587413177478437,0.5340909090909091,0.20851063829787234
1,TSR3,3.9592636,1.011683,7.518120028220247e-05,0.002645872222623935,0.5568181818181818,0.23829787234042554
1,ICMT,3.9318292,1.1323165,8.4301958824125e-05,0.002916385628470509,0.5227272727272727,0.2127659574468085
1,SLC25A21,3.8896737,1.9925096,0.0001003790712437559,0.003420832762190605,0.3977272727272727,0.11914893617021277
1,ATAD3B,3.8876665,1.544035,0.00010121261393428781,0.003446030588473366,0.42045454545454547,0.12340425531914893
1,HAUS6,3.8869972,1.3995535,0.00010149191036881239,0.003452328449264779,0.4431818181818182,0.15319148936170213
1,TGM2,3.8769603,1.755025,0.00010576963932625746,0.0035647095478640416,0.3977272727272727,0.10638297872340426
1,TRMU,3.8635776,1.0597235,0.00011173839432324106,0.0037451803760301704,0.5340909090909091,0.2170212765957447
1,NEO1,3.8595629,1.2859508,0.00011359008519508847,0.0038002840111749842,0.4431818181818182,0.14042553191489363
1,LHPP,3.8481874,1.5567932,0.00011899497324808536,0.0039522096332605915,0.42045454545454547,0.13617021276595745
1,FRAT2,3.840827,1.2710272,0.0001226205044506642,0.0040432730481069915,0.45454545454545453,0.15319148936170213
1,C17orf58,3.8381505,1.1576358,0.0001239645094678319,0.0040839109010190056,0.5,0.19148936170212766
1,SLC35A4,3.8368123,1.4337585,0.0001246417079265448,0.004102528014226139,0.45454545454545453,0.15319148936170213
1,MOSPD1,3.835474,1.897201,0.00012532239252465634,0.004117526830157044,0.3977272727272727,0.10638297872340426
1,SLC25A19,3.835474,1.2073971,0.00012532239252465634,0.004117526830157044,0.5,0.2
1,PRXL2B,3.831459,1.4929615,0.0001273855307319116,0.004174071450598654,0.4090909090909091,0.1148936170212766
1,CTTN,3.8267753,1.8908476,0.00012983297884789456,0.004239087295996243,0.3977272727272727,0.11914893617021277
1,MCM10,3.8200839,1.1004639,0.00013340630267705316,0.004336415705402151,0.5340909090909091,0.2297872340425532
1,TCTEX1D2,3.8167381,1.1140194,0.00013522752020862438,0.004372316667098817,0.5227272727272727,0.20851063829787234
1,NEDD4L,3.7926495,1.2340012,0.0001490485275176077,0.0047520253969267935,0.45454545454545453,0.14893617021276595
1,DHODH,3.7792668,1.2512422,0.0001572908733878795,0.0049801066235897725,0.45454545454545453,0.16170212765957448
1,SLC31A1,3.7792668,1.3091314,0.0001572908733878795,0.0049801066235897725,0.4659090909090909,0.17446808510638298
1,PMM1,3.7752519,1.3610476,0.0001598460384541759,0.0050479075525981815,0.45454545454545453,0.16595744680851063
1,XK,3.7739136,1.478152,0.00016070640479646622,0.005070702691340913,0.42045454545454547,0.13191489361702127
1,ACSBG1,3.7685606,3.4521472,0.00016419163836478727,0.005162867831434346,0.29545454545454547,0.02127659574468085
1,MFHAS1,3.7672224,1.1188735,0.00016507399197109672,0.005181709416924623,0.48863636363636365,0.2
1,ARMC6,3.7672224,1.0734084,0.00016507399197109672,0.005181709416924623,0.5113636363636364,0.20851063829787234
1,DOHH,3.7585235,1.2120696,0.00017091893512973896,0.00534684097836203,0.4431818181818182,0.13617021276595745
1,ANKRD26,3.751163,1.4454728,0.00017601614347288202,0.005482865418936982,0.375,0.08936170212765958
1,BPGM,3.751163,2.204687,0.00017601614347288202,0.005482865418936982,0.375,0.09787234042553192
1,POMGNT2,3.7478175,2.1785278,0.00017838000796310078,0.00555177438049103,0.3522727272727273,0.07659574468085106
1,AREL1,3.7471483,1.2185054,0.00017885634897547698,0.005561870202932399,0.4318181818181818,0.14042553191489363
1,DLAT,3.7384496,1.6170377,0.00018515862509339338,0.005738349565659011,0.3977272727272727,0.11063829787234042
1,PIR,3.7337656,1.246115,0.0001886380409418081,0.0058117347950430295,0.45454545454545453,0.16170212765957448
1,PIGQ,3.7277434,1.199533,0.00019320191500470037,0.005942338900073142,0.4659090909090909,0.1702127659574468
1,NECTIN1,3.7257361,1.624621,0.00019474612488092562,0.005974771933584878,0.4090909090909091,0.1276595744680851
1,STYX,3.7243977,1.2121668,0.000195782033442873,0.005986481375140013,0.4090909090909091,0.11914893617021277
1,FAM122A,3.7049928,1.2146353,0.0002113966647278931,0.006399776117208946,0.4431818181818182,0.15319148936170213
1,DECR2,3.6989708,1.7882426,0.00021647559991936618,0.006531923687261931,0.36363636363636365,0.0851063829787234
1,CSF1,3.6855881,1.1385471,0.00022817521072322192,0.00682865158436684,0.45454545454545453,0.16170212765957448
1,CTSL,3.6768892,2.2476056,0.00023609545764516343,0.0070254714189192085,0.32954545454545453,0.059574468085106386
1,POLE,3.6668522,1.1733305,0.0002455545604605993,0.007259727356557669,0.4772727272727273,0.1829787234042553
1,DDI2,3.665514,1.1199377,0.00024684230354601443,0.007291908920167615,0.4431818181818182,0.1574468085106383
1,CDK1,3.6581535,1.2023503,0.00025403885853912884,0.007456356264146475,0.5113636363636364,0.23829787234042554
1,PML,3.6568153,1.1360667,0.0002553682808093626,0.007483374256127686,0.4659090909090909,0.1702127659574468
1,LBH,3.655477,1.2420981,0.00025670422494549286,0.007504497873186888,0.4431818181818182,0.16170212765957448
1,SLC11A2,3.64544,1.4090027,0.00026693469725957124,0.007729491182276556,0.42045454545454547,0.14042553191489363
1,SPC24,3.6427634,1.1218946,0.0002697266793069439,0.0078041629955047055,0.45454545454545453,0.1574468085106383
1,TBC1D14,3.6407561,1.1822603,0.0002718386039863677,0.007859055880335737,0.4431818181818182,0.15319148936170213
1,BYSL,3.640087,1.4603037,0.0002725460162511212,0.007873288666777653,0.4090909090909091,0.13191489361702127
1,RNASE1,3.6360722,1.5736171,0.00027682685431921437,0.007984349641400759,0.375,0.09787234042553192
1,MOCS2,3.6320574,1.4986107,0.00028117064280298995,0.008084152943623123,0.3977272727272727,0.12340425531914893
1,IL15RA,3.6320574,1.1240418,0.00028117064280298995,0.008084152943623123,0.42045454545454547,0.13191489361702127
1,EEF2KMT,3.630719,1.9782127,0.0002826327086954559,0.008107084460001867,0.3409090909090909,0.06808510638297872
1,PTGR1,3.6280425,1.7684659,0.000285578236353626,0.008165975803733645,0.36363636363636365,0.08936170212765958
1,POC1A,3.6267042,1.1218674,0.0002870617623326574,0.00820198873000593,0.48863636363636365,0.2
1,IPO4,3.6079686,1.7805183,0.0003086039329121416,0.008722171852136907,0.3522727272727273,0.08085106382978724
1,TMEM251,3.5865562,1.3444825,0.000335073829916617,0.009397729692550268,0.42045454545454547,0.14893617021276595
1,PCYT2,3.5832105,1.3012536,0.0003393967943004728,0.009497142253969117,0.4431818181818182,0.16170212765957448
1,MELK,3.5825415,1.2627103,0.0003402676251105687,0.009506973547077807,0.45454545454545453,0.1829787234042553
1,ZFYVE21,3.579865,1.2395657,0.000343771895229829,0.009590240196118118,0.4318181818181818,0.14893617021276595
1,AC084864.2,3.5738428,2.2280269,0.00035178031357337223,0.009783823143692248,0.32954545454545453,0.06808510638297872
1,ALDH4A1,3.5664823,1.5069295,0.00036180533603998716,0.010001840713292727,0.38636363636363635,0.11063829787234042
1,DHRS13,3.565144,1.5130434,0.00036365652659490946,0.010030288266691998,0.4090909090909091,0.14042553191489363
1,SLC2A1,3.5631366,1.6741153,0.00036644992463034855,0.01009972416520737,0.42045454545454547,0.15319148936170213
1,REPS2,3.5470774,1.5849886,0.0003895302050168875,0.010639697786435148,0.3977272727272727,0.13617021276595745
1,UBXN8,3.5343637,1.6133113,0.0004087580210396674,0.011073983958603158,0.3977272727272727,0.14042553191489363
1,B4GALT2,3.5229886,1.5734792,0.00042670980925062153,0.01150074059527393,0.32954545454545453,0.059574468085106386
1,AURKA,3.5089366,1.5915556,0.00044990190928282455,0.01203717820296832,0.375,0.10638297872340426
1,PTH2R,3.4922085,1.379477,0.00047904434337117473,0.012677875641162956,0.3977272727272727,0.1276595744680851
1,TSPAN5,3.4888628,1.4785233,0.00048508019106775204,0.012819075865177469,0.4090909090909091,0.14893617021276595
1,HIRA,3.4861863,1.2505064,0.0004899598566806014,0.012920043742339116,0.38636363636363635,0.1148936170212766
1,IGFBP2,3.4861863,1.1704485,0.0004899598566806014,0.012920043742339116,0.5,0.23404255319148937
1,AC100801.1,3.4841788,1.9321175,0.0004936496044103894,0.012998610914406234,0.3522727272727273,0.09361702127659574
1,NADK,3.4835095,1.6537126,0.0004948852670141921,0.01301242504165693,0.36363636363636365,0.10638297872340426
1,FBXO25,3.4768183,1.4163244,0.000507401513950585,0.013312833557064776,0.3977272727272727,0.14042553191489363
1,ARL9,3.476149,1.7598654,0.0005086692377250266,0.013326988382228847,0.3522727272727273,0.09361702127659574
1,CDC42EP4,3.4674504,1.4798002,0.000525420600994872,0.013638949941144191,0.38636363636363635,0.1276595744680851
1,GUF1,3.4527295,1.0135697,0.0005549451656063718,0.01429384096154737,0.4659090909090909,0.1829787234042553
1,NUFIP1,3.4520605,1.0614573,0.0005563232262895369,0.01431925907554384,0.4659090909090909,0.18723404255319148
1,PDXP,3.450053,1.4159328,0.0005604765564348522,0.014395791187418964,0.4090909090909091,0.15319148936170213
1,SPAST,3.445369,2.073174,0.0005702802276684958,0.014616825359169897,0.3522727272727273,0.09361702127659574
1,ATP11A,3.4413543,1.2135859,0.0005788102288357376,0.014773384369328334,0.42045454545454547,0.14468085106382977
1,B9D1,3.4413543,2.2391222,0.0005788102288357376,0.014773384369328334,0.3068181818181818,0.05106382978723404
1,SH3GLB2,3.435332,1.3548634,0.0005918282103329224,0.015032272259816301,0.4090909090909091,0.14893617021276595
1,EED,3.419942,1.0391177,0.0006263449708751033,0.0157450908509613,0.4659090909090909,0.19574468085106383
1,SKP2,3.419273,1.2819237,0.0006278873641067994,0.01577303048296017,0.42045454545454547,0.1574468085106383
1,CMPK2,3.4159272,1.2662327,0.0006356524728345414,0.015935285039874694,0.42045454545454547,0.15319148936170213
1,CLUH,3.415258,1.0737989,0.0006372161750781122,0.01595263284817646,0.4659090909090909,0.2
1,FBXO5,3.4119124,1.5384518,0.0006450884995166024,0.016138676808480634,0.375,0.11914893617021277
1,SPATA33,3.4105742,1.508028,0.0006482626823710039,0.016184899343425044,0.375,0.11914893617021277
1,ABCF2,3.409905,1.409313,0.0006498552153499313,0.01620255499797196,0.4090909090909091,0.15319148936170213
1,UAP1,3.3804631,1.0090531,0.000723637966260764,0.017823602424704054,0.4772727272727273,0.22127659574468084
1,NCEH1,3.3777866,1.8100684,0.0007307177803817527,0.017961720268470472,0.3181818181818182,0.06808510638297872
1,GOLM1,3.3764484,1.1450145,0.0007342817656731,0.01803721268818868,0.4318181818181818,0.16170212765957448
1,FTSJ3,3.364404,1.2305925,0.0007670920116161304,0.018742546540161543,0.38636363636363635,0.11914893617021277
1,ALKBH3,3.3637347,1.0379974,0.0007689541238936924,0.018775510265932646,0.4659090909090909,0.18723404255319148
1,SREBF1,3.3630657,1.1630905,0.0007708204321114229,0.018808532423806795,0.38636363636363635,0.12340425531914893
1,PROSER1,3.3590508,1.1896547,0.00078210687982683,0.019020527513981266,0.36363636363636365,0.10638297872340426
1,CDC25A,3.3583817,2.248929,0.0007840028017880086,0.019053975131635394,0.3068181818181818,0.059574468085106386
1,RAB3IL1,3.3309472,2.7409253,0.0008655102047413069,0.02059722952128516,0.2840909090909091,0.03829787234042553
1,C1orf198,3.3142188,1.5521334,0.0009189954777934532,0.02177097312797293,0.3522727272727273,0.11063829787234042
1,AC002558.3,3.309535,1.5063778,0.0009345111007455388,0.02206712309573385,0.3409090909090909,0.09787234042553192
1,MRM1,3.2994978,1.2431384,0.0009685794884830765,0.02278340479303926,0.42045454545454547,0.1702127659574468
1,MTRES1,3.2948139,1.4453679,0.000984868535940482,0.023062810802276124,0.38636363636363635,0.14042553191489363
1,MGAT4B,3.2874534,1.1489465,0.0010109788196309166,0.023508790201595412,0.4431818181818182,0.19574468085106383
1,PYCR3,3.270056,1.3066971,0.001075261838981597,0.024861439398967424,0.375,0.11914893617021277
1,PCK2,3.2613573,1.4172481,0.0011088022917665056,0.025604588442237144,0.3409090909090909,0.09361702127659574
1,SLC16A9,3.2493129,1.6035072,0.0011568415674029803,0.026563085450763163,0.3522727272727273,0.1148936170212766
1,EXO1,3.2479746,1.1919773,0.0011622963741942467,0.02665489322799726,0.4090909090909091,0.16595744680851063
1,RPS6KL1,3.2379377,1.4989812,0.001203971330587091,0.027387541746934814,0.3522727272727273,0.11063829787234042
1,DHX16,3.229239,1.3179156,0.0012412017115484284,0.028077394217789882,0.3409090909090909,0.08936170212765958
1,DNAAF5,3.2232168,1.3955656,0.0012675962836078993,0.028586131593550657,0.3522727272727273,0.10212765957446808
1,TIMM29,3.2145178,1.1616826,0.0013066375002798503,0.02937606827256929,0.42045454545454547,0.1829787234042553
1,UBL4A,3.1931057,1.0367783,0.001407514330911813,0.03145081320250505,0.45454545454545453,0.19574468085106383
1,JAZF1,3.1810613,1.839228,0.0014673659835240838,0.03262883497142466,0.3181818181818182,0.0851063829787234
1,PLD1,3.1663404,1.1407315,0.0015437007470297513,0.03391416028933729,0.38636363636363635,0.13617021276595745
1,THAP7,3.1636639,1.0179973,0.0015579666244134418,0.03416604938295769,0.45454545454545453,0.20851063829787234
1,NIBAN2,3.1569724,1.9145771,0.0015941640858969288,0.03487626999875283,0.3068181818181818,0.07234042553191489
1,CLCN4,3.149612,2.240621,0.0016348744212233202,0.03561788017333021,0.2840909090909091,0.05106382978723404
1,HNRNPUL2,3.1415825,1.1181978,0.0016803753244122096,0.03645727163533567,0.375,0.1276595744680851
1,DEDD2,3.1275306,1.2333894,0.0017628148776945895,0.03806536126165172,0.38636363636363635,0.14893617021276595
1,SAMD9,3.1221776,1.1445297,0.0017951866904948005,0.03869589402756195,0.4090909090909091,0.1574468085106383
1,DPP9,3.1215084,1.2144542,0.0017992713605053162,0.038761113046412644,0.3522727272727273,0.11063829787234042
1,MRGBP,3.114148,1.8703352,0.0018447699470716822,0.03967122493112259,0.29545454545454547,0.06382978723404255
1,GALNT6,3.108795,1.1003181,0.0018785211925412982,0.04025512539122017,0.375,0.13191489361702127
1,PFKM,3.0967505,1.3405198,0.001956545261386276,0.04175598432186536,0.3522727272727273,0.12340425531914893
1,AC106795.2,3.085375,2.2448006,0.002032955547508132,0.04296085796440251,0.2840909090909091,0.059574468085106386
1,ADAL,3.080691,1.0095716,0.002065207015175902,0.04354184444841774,0.4090909090909091,0.16170212765957448
1,PPP5C,3.0773456,1.2487938,0.0020885304164431438,0.04395762034056096,0.3522727272727273,0.11063829787234042
1,KMT5A,3.0606172,1.3869624,0.0022088129073828565,0.04598678112805457,0.36363636363636365,0.13617021276595745
1,GSTA4,3.0472345,1.4521132,0.0023095742954745545,0.04789389733068792,0.3409090909090909,0.11063829787234042
1,RBBP5,3.0432198,1.6476382,0.0023406135696238434,0.04848262437000696,0.3181818181818182,0.09361702127659574
1,MNS1,3.0392048,1.089134,0.0023720344049468762,0.049077914785449754,0.4318181818181818,0.2
1,KIF23,3.0385358,1.2936054,0.0023773085998415695,0.04913149184799621,0.3522727272727273,0.11063829787234042
2,PNMT,7.044405,2.5611217,1.8625560242910156e-12,3.0987005929579755e-09,0.6708860759493671,0.18032786885245902
2,SCO2,5.840535,1.7473614,5.203334040016714e-09,1.8749135925716822e-06,0.6582278481012658,0.2336065573770492
2,AC073210.3,5.4690475,1.6336701,4.524601218471612e-08,1.0415404352030157e-05,0.6329113924050633,0.25
2,PMP22,5.2354817,1.7935148,1.645551503908768e-07,3.273306010574175e-05,0.569620253164557,0.19262295081967212
2,ZNF670,5.031718,1.6211634,4.861042070455028e-07,7.872522160209048e-05,0.5949367088607594,0.24180327868852458
2,GCAT,4.9263706,1.5091738,8.377103072625384e-07,0.00012118986148662518,0.5949367088607594,0.2459016393442623
2,NOC4L,4.876469,1.7692575,1.0800148897658134e-06,0.00014584074581659948,0.5189873417721519,0.16393442622950818
2,PTRH1,4.8723106,1.6154594,1.103004385326502e-06,0.0001478793535067227,0.569620253164557,0.22131147540983606
2,RPL39L,4.780825,2.2934384,1.745772195664931e-06,0.00021018752675503992,0.46835443037974683,0.12295081967213115
2,CCDC26,4.6990423,2.0734568,2.613842778655858e-06,0.00028643490880713487,0.5189873417721519,0.18032786885245902
2,CLUH,4.686567,1.6668242,2.7782589928281094e-06,0.0002999618212286184,0.5316455696202531,0.1885245901639344
2,CBLL1,4.667161,1.3048589,3.0539014539147598e-06,0.0003249297881242271,0.5949367088607594,0.22950819672131148
2,SPTA1,4.6054773,1.4770988,4.1152082066747485e-06,0.00040818627526423436,0.5569620253164557,0.22540983606557377
2,RRS1,4.4571595,1.388687,8.305281917540146e-06,0.0007169377911884124,0.5569620253164557,0.22540983606557377
2,MT1X,4.413496,1.4179705,1.017146897099294e-05,0.0008499678899710333,0.5189873417721519,0.1680327868852459
2,COQ3,4.3906245,1.6482296,1.1302565060833112e-05,0.0009338265999809317,0.5063291139240507,0.18442622950819673
2,LDB1,4.341416,1.7335536,1.4156733604749005e-05,0.001116703893679781,0.4936708860759494,0.18032786885245902
2,SLC27A5,4.338644,1.378083,1.4336466334552284e-05,0.0011284494716364477,0.5569620253164557,0.23770491803278687
2,IGFBP2,4.306762,1.4136964,1.6566138947001142e-05,0.0012684879740568803,0.5443037974683544,0.22950819672131148
2,TST,4.3060694,1.5327872,1.661809989361604e-05,0.0012698101757959094,0.5063291139240507,0.19262295081967212
2,ADD2,4.2734947,1.2119613,1.9243274051340664e-05,0.0014315509625063407,0.5822784810126582,0.2459016393442623
2,PPAT,4.2603264,1.3230543,2.041285516806783e-05,0.0015002628755149611,0.5569620253164557,0.24180327868852458
2,CNKSR3,4.2360687,1.4105484,2.2746706781992547e-05,0.0016356625047695662,0.5189873417721519,0.20491803278688525
2,DDX10,4.216663,1.0627741,2.4794434389163054e-05,0.0017451944097649171,0.5949367088607594,0.25
2,EPCAM,4.1903257,1.7709682,2.785540179563243e-05,0.0018880288168924863,0.46835443037974683,0.1762295081967213
2,NCAPD3,4.173692,1.5000058,2.997026383720065e-05,0.0019908196491930687,0.5063291139240507,0.21311475409836064
2,TRIB2,4.1591377,1.6318187,3.194514030721624e-05,0.0021105127804772954,0.45569620253164556,0.1598360655737705
2,PHF6,4.1528997,1.2238666,3.2828829788881336e-05,0.0021572136429135473,0.5443037974683544,0.22540983606557377
2,PDE3B,4.150128,2.025086,3.322899079392702e-05,0.0021718112358009335,0.4177215189873418,0.11065573770491803
2,NIF3L1,4.0932956,1.5467842,4.252850268839911e-05,0.0026472546375817954,0.46835443037974683,0.16393442622950818
2,RIDA,4.0468597,1.3325759,5.1909352089146406e-05,0.0031352049435888576,0.5316455696202531,0.24180327868852458
2,DHX35,3.9519083,1.1455889,7.753039928919624e-05,0.004325747171316878,0.5443037974683544,0.2336065573770492
2,FAM83D,3.9422054,1.3812699,8.073577983758916e-05,0.004450316683487351,0.5189873417721519,0.24180327868852458
2,CSF2RB,3.9110172,3.6319406,9.190826786856971e-05,0.004968884065372998,0.3291139240506329,0.045081967213114756
2,HCCS,3.910324,1.1707386,9.217239459979937e-05,0.004975813886057901,0.5316455696202531,0.23770491803278687
2,PRKAB1,3.9068587,1.1142156,9.350381655899097e-05,0.005025452554883448,0.5063291139240507,0.20901639344262296
2,TTLL12,3.8410165,1.3023952,0.00012252582398057608,0.006388273053437415,0.5063291139240507,0.22950819672131148
2,PLPP4,3.7945807,1.5704238,0.00014789320855802316,0.007476573655293101,0.45569620253164556,0.18442622950819673
2,BUB1B,3.7855706,1.5777686,0.0001533562373281065,0.007668021369461785,0.43037974683544306,0.14754098360655737
2,OSBPL6,3.7800262,1.3098247,0.00015681192798574082,0.007808807314566122,0.5189873417721519,0.2459016393442623
2,COMMD8,3.7550755,1.0869254,0.0001732892888046897,0.008502092841207034,0.5189873417721519,0.21311475409836064
2,SLC25A17,3.7121048,1.385098,0.0002055428213461913,0.009744912958668325,0.46835443037974683,0.19672131147540983
2,CXADR,3.7114117,1.5081367,0.00020610652365374565,0.00975899724741364,0.4810126582278481,0.22540983606557377
2,TMEM199,3.705174,1.4339255,0.0002112455961589265,0.009925288915292515,0.4430379746835443,0.1680327868852459
2,AL031123.5,3.6982434,1.1991687,0.00021709671187891246,0.010161070014680404,0.5189873417721519,0.23770491803278687
2,ERAL1,3.6732926,1.043806,0.00023944496110756724,0.010996141808655041,0.5443037974683544,0.25
2,AKR1C1,3.6552727,1.4545393,0.0002569086938141823,0.011623133624589476,0.45569620253164556,0.19672131147540983
2,CDC6,3.5665593,1.20409,0.0003616990361569634,0.015251781592604857,0.4936708860759494,0.2336065573770492
2,KLHL8,3.5665593,1.2422357,0.0003616990361569634,0.015251781592604857,0.45569620253164556,0.18032786885245902
2,ANKFY1,3.563787,1.1898257,0.00036554265365191206,0.01536076540334516,0.4936708860759494,0.22540983606557377
2,MGAT4B,3.5582423,1.3027409,0.00037334472534647056,0.01563477150160889,0.46835443037974683,0.19672131147540983
2,DDX56,3.5332918,1.2588345,0.00041041934666401664,0.016897366149887145,0.46835443037974683,0.22540983606557377
2,NEO1,3.5291333,1.8565487,0.0004169231196353495,0.01712660280782652,0.4050632911392405,0.16393442622950818
2,NOM1,3.4944797,1.0235956,0.00047498697544617966,0.019020785873419717,0.4936708860759494,0.22950819672131148
2,EED,3.4930935,1.1108323,0.00047745945525698013,0.01905724484390483,0.46835443037974683,0.20491803278688525
2,MOGS,3.4750736,1.3617338,0.0005107134215034539,0.0201646407124573,0.43037974683544306,0.18032786885245902
2,HBG2,3.4723012,1.2540485,0.0005160170520359675,0.02035209064824186,0.4430379746835443,0.1680327868852459
2,ROGDI,3.4688358,1.2499979,0.0005227187848012041,0.020549978778205018,0.4810126582278481,0.2336065573770492
2,CHCHD4,3.4681427,1.291325,0.0005240688283067465,0.02055888872974837,0.4430379746835443,0.1885245901639344
2,DSCC1,3.4501228,1.1912681,0.0005603315637003408,0.021679382201898703,0.4810126582278481,0.22950819672131148
2,MFSD2B,3.4473505,1.6012582,0.0005661135720396445,0.021810866158129504,0.4050632911392405,0.14754098360655737
2,EEFSEC,3.4362614,1.0495173,0.0005898017431088203,0.022463406451119595,0.46835443037974683,0.19672131147540983
2,CARM1,3.4307168,1.3847873,0.0006019888357716534,0.02283253199800859,0.43037974683544306,0.1721311475409836
2,PEX2,3.4279444,1.0571154,0.0006081698921145572,0.022971750486362137,0.4936708860759494,0.23770491803278687
2,MED11,3.4223998,1.802748,0.0006207095807145688,0.02320591559114804,0.379746835443038,0.12295081967213115
2,ACLY,3.4113107,1.1015698,0.0006465138259486073,0.023999039090816406,0.4936708860759494,0.23770491803278687
2,GON7,3.405766,1.1311812,0.0006597868508034237,0.024442164500259222,0.45569620253164556,0.19672131147540983
2,FGD5-AS1,3.3988354,1.2136586,0.000676734459745891,0.024893626091617445,0.4430379746835443,0.1762295081967213
2,C5orf30,3.39537,1.0677419,0.0006853592058384408,0.0250597725203724,0.45569620253164556,0.19262295081967212
2,MTO1,3.38636,1.3583614,0.0007082640344309507,0.025717432464491295,0.4050632911392405,0.14754098360655737
2,CSTF2,3.3822017,1.127661,0.0007190736314162917,0.026058231666799696,0.4430379746835443,0.1762295081967213
2,STEAP3,3.3808155,1.380269,0.0007227107572025748,0.026164130983552365,0.43037974683544306,0.1885245901639344
2,SGPP1,3.3697262,1.3648626,0.0007524289964479581,0.026999660489207565,0.4177215189873418,0.1680327868852459
2,PHF10,3.36834,1.6099447,0.0007562225430990607,0.02705620850436825,0.3670886075949367,0.11885245901639344
2,ZNF850,3.3517063,1.7240641,0.0008031517434144562,0.028374668880996632,0.35443037974683544,0.10655737704918032
2,DNAJC12,3.3461616,1.2937291,0.0008193859527174516,0.028809169313555667,0.3924050632911392,0.13934426229508196
2,TUBGCP2,3.3447757,1.0365424,0.0008234918050878131,0.028898009163968407,0.46835443037974683,0.21721311475409835
2,LIN9,3.3433895,1.3649228,0.0008276167378399829,0.029014942741073958,0.4177215189873418,0.16393442622950818
2,C17orf58,3.3371518,1.1787496,0.0008464172259619785,0.02956079855671219,0.45569620253164556,0.21721311475409835
2,SNUPN,3.3267555,1.3682735,0.0008786338810005644,0.030489817820018403,0.4177215189873418,0.1680327868852459
2,MTFMT,3.3253696,1.0780361,0.0008830143135220214,0.030489817820018403,0.46835443037974683,0.20491803278688525
2,LEPR,3.3184388,1.1320201,0.0009052217511388778,0.031080695415979423,0.45569620253164556,0.20491803278688525
2,RPAP3,3.312894,1.1198331,0.0009233591837462175,0.03152599765326055,0.4430379746835443,0.19672131147540983
2,NT5DC2,3.3004189,1.7057368,0.0009654063997918915,0.03262681407089845,0.3670886075949367,0.13114754098360656
2,PEX13,3.2983396,1.1261088,0.0009725843083315657,0.03280880946474068,0.4050632911392405,0.1598360655737705
2,UGGT1,3.2962604,1.3260502,0.0009798116119966566,0.0329917983539003,0.4430379746835443,0.20901639344262296
2,NRBF2,3.2851713,1.7775952,0.0010192042703911172,0.034129822049940785,0.34177215189873417,0.0942622950819672
2,IFIT3,3.2629929,1.133595,0.0011024231441532325,0.03641677752631089,0.46835443037974683,0.21721311475409835
2,C12orf29,3.2539828,1.2474022,0.001137991485650744,0.03738925167531677,0.45569620253164556,0.20901639344262296
2,LINC00665,3.2532897,1.0389959,0.0011407709857947307,0.03744695861082775,0.4810126582278481,0.2459016393442623
2,CHAMP1,3.2283392,1.0776902,0.0012451127632329825,0.04018727711383632,0.45569620253164556,0.21311475409836064
2,DEXI,3.1922994,1.2250795,0.001411450153381937,0.04430573504625409,0.4177215189873418,0.1762295081967213
2,ATP7B,3.18121,1.4869087,0.0014666123863423094,0.045645816286152094,0.4050632911392405,0.18032786885245902
2,RYK,3.170121,1.0251421,0.0015237552893426023,0.047064107464327924,0.4936708860759494,0.25
2,ZFP91,3.1576455,1.1344662,0.0015904881316342956,0.04887779689836008,0.4430379746835443,0.20081967213114754
2,SMYD2,3.1548734,1.4068128,0.0016056784164203502,0.04909727294853905,0.379746835443038,0.14754098360655737
2,FADS2,3.1548734,1.1331209,0.0016056784164203502,0.04909727294853905,0.45569620253164556,0.23770491803278687
2,RANGAP1,3.1541803,1.3432672,0.0016094967966755417,0.04913193682662344,0.4050632911392405,0.1680327868852459
3,GP1BB,11.516837,5.8081584,1.0852129027084524e-30,3.9719877452032066e-26,0.9523809523809523,0.2153846153846154
3,PLEK,11.202564,6.0160904,3.960996796068776e-29,7.248822186645663e-25,0.9365079365079365,0.08076923076923077
3,ITGA2B,9.917653,5.9820404,3.488640103016761e-23,2.128128606841941e-19,0.8253968253968254,0.07307692307692308
3,AL157895.1,9.740968,6.412565,2.0162463828417745e-22,1.0542376265484541e-18,0.8095238095238095,0.03461538461538462
3,PKM,9.545487,3.8986247,1.354696949806275e-21,6.197907882482434e-18,0.873015873015873,0.13846153846153847
3,FCER1A,8.925211,5.4747295,4.448515061813725e-19,1.017625623609026e-15,0.7619047619047619,0.05
3,INPP4B,7.6771398,2.6960628,1.6267985472367818e-14,1.8607016758566702e-11,0.8253968253968254,0.20384615384615384
3,FLI1,7.429781,2.8016343,1.0877748052720256e-13,1.0477275170463529e-10,0.7619047619047619,0.16153846153846155
3,CLU,7.404218,3.87153,1.3192527298645988e-13,1.2209026435446247e-10,0.6666666666666666,0.1
3,RGS18,7.0373154,29.770433,1.9597876501186127e-12,1.4638813833059459e-09,0.5714285714285714,0.0
3,ANGPT1,6.9267936,2.986864,4.304860490917199e-12,2.8647672514192804e-09,0.6984126984126984,0.16538461538461538
3,GSN,6.9034863,3.757583,5.074158248191095e-12,3.2582327375796886e-09,0.6349206349206349,0.08461538461538462
3,PRKG1,6.787701,3.3207543,1.1393421083447952e-11,6.515790704301226e-09,0.6666666666666666,0.15384615384615385
3,ARHGAP6,6.57568,5.200004,4.843143176770255e-11,2.3954578839590287e-08,0.5555555555555556,0.023076923076923078
3,SLC9A9,6.159155,3.7302606,7.313422699620402e-10,2.878264346546305e-07,0.5555555555555556,0.057692307692307696
3,GATA2,5.9952517,3.0110111,2.0317078598034828e-09,7.219664017152163e-07,0.6190476190476191,0.23846153846153847
3,DNM3,5.9787107,3.450203,2.2491046215748505e-09,7.915334447525107e-07,0.5555555555555556,0.09230769230769231
3,PIEZO2,5.942622,4.1358175,2.8049877702992963e-09,9.594893213151827e-07,0.5238095238095238,0.06153846153846154
3,IGSF10,5.9155555,3.3015738,3.3075758464874484e-09,1.100550759611701e-06,0.5555555555555556,0.09615384615384616
3,SLC44A1,5.8704443,3.2483077,4.346285585419704e-09,1.3775987086837923e-06,0.5714285714285714,0.15384615384615385
3,SERPINB6,5.856911,2.0837226,4.715554135874742e-09,1.4503697220769027e-06,0.6984126984126984,0.2230769230769231
3,CKB,5.798267,4.0804925,6.700379695023542e-09,1.961924777740453e-06,0.5238095238095238,0.09615384615384616
3,LAT,5.686993,4.548145,1.2929575393244409e-08,3.5316073803592435e-06,0.49206349206349204,0.04230769230769231
3,VCL,5.6749635,2.7071664,1.3871831010508928e-08,3.7060064731068416e-06,0.5873015873015873,0.18461538461538463
3,MMRN1,5.636619,3.1365905,1.7342115737476754e-08,4.533848415052762e-06,0.5396825396825397,0.08076923076923077
3,GP9,5.616319,7.9408565,1.950682645130032e-08,5.063612446411653e-06,0.4603174603174603,0.007692307692307693
3,EAF2,5.586997,1.9356499,2.310297707169592e-08,5.913231215392604e-06,0.6666666666666666,0.2423076923076923
3,RAB27B,5.529856,3.7912006,3.204931042577923e-08,7.820245405959637e-06,0.5079365079365079,0.08076923076923077
3,ELOVL7,5.508805,3.3453975,3.612787380036939e-08,8.586469538748831e-06,0.5079365079365079,0.07307692307692308
3,TBXAS1,5.5050454,2.1159859,3.690733274248902e-08,8.659264651973337e-06,0.6507936507936508,0.2230769230769231
3,DEPTOR,5.4824896,2.5457733,4.1938115274875706e-08,9.715044032757757e-06,0.5714285714285714,0.16923076923076924
3,CAVIN2,5.2434015,2.501601,1.576429562830581e-07,3.297079910237834e-05,0.5714285714285714,0.23076923076923078
3,PACC1,5.1982903,3.119651,2.0112959692084212e-07,4.089746876055412e-05,0.5079365079365079,0.13076923076923078
3,VASP,5.071228,2.2690785,3.9525710772446987e-07,7.495754093172704e-05,0.5714285714285714,0.25
3,RASGRP3,5.0516796,7.9729404,4.379414284002351e-07,8.17810929636582e-05,0.4126984126984127,0.0038461538461538464
3,TIMP3,5.0336356,2.4501295,4.812646199676614e-07,8.9415057641809e-05,0.5396825396825397,0.18846153846153846
3,RASGRP2,4.9479246,2.483759,7.500898959027933e-07,0.00013327204019387447,0.5079365079365079,0.10384615384615385
3,FREM1,4.8967986,3.3209522,9.74105306683137e-07,0.00016467834979215192,0.47619047619047616,0.11153846153846154
3,CHRM3,4.895295,1.8200105,9.815836600447414e-07,0.00016467834979215192,0.6349206349206349,0.2423076923076923
3,CD9,4.7772546,3.280787,1.7770474795171823e-06,0.0002767732544587591,0.4603174603174603,0.09615384615384616
3,SLC37A1,4.7727437,2.9768167,1.8173321435825073e-06,0.00028184819401382775,0.4603174603174603,0.08461538461538462
3,LCP2,4.7321434,2.456216,2.221611867142825e-06,0.00034022266087570935,0.5079365079365079,0.16153846153846155
3,RAB32,4.715603,2.8338516,2.4099609427194797e-06,0.000364491654811883,0.4603174603174603,0.08076923076923077
3,NRGN,4.6261325,3.2284482,3.725566061946069e-06,0.0005326540759112815,0.4444444444444444,0.10384615384615385
3,MAST4,4.617862,2.2672749,3.877132387245407e-06,0.0005500268314169347,0.5079365079365079,0.18461538461538463
3,GPSM3,4.609592,1.8389163,4.034599155002462e-06,0.0005701558442943827,0.5714285714285714,0.2423076923076923
3,AKR1B1,4.538918,1.877065,5.6543582278468676e-06,0.0007665006129534193,0.5396825396825397,0.21153846153846154
3,VWF,4.434411,7.3737936,9.232435431785677e-06,0.0012155265080531928,0.36507936507936506,0.007692307692307693
3,TCEAL3,4.3366704,2.331889,1.4465722843022e-05,0.001807030449752383,0.4603174603174603,0.11923076923076924
3,C4orf48,4.3268967,3.0178082,1.5122501289115952e-05,0.0018826485363365065,0.4126984126984127,0.06538461538461539
3,TESPA1,4.305093,2.2410684,1.6691575231378155e-05,0.0020296622758925976,0.4603174603174603,0.1076923076923077
3,LYSMD2,4.2614856,2.0321274,2.0307253153035885e-05,0.002405390850013807,0.49206349206349204,0.17307692307692307
3,AOAH,4.2404337,3.7156613,2.230883212074771e-05,0.0025921446490523394,0.38095238095238093,0.038461538461538464
3,AC104232.1,4.2396817,6.030116,2.238367987563223e-05,0.0025926109719240985,0.3492063492063492,0.0038461538461538464
3,PDE3A,4.1908116,4.4808035,2.779583885793691e-05,0.0030828954486040875,0.36507936507936506,0.03076923076923077
3,GNAI1,4.150212,1.7290337,3.321678993030046e-05,0.003575787435996844,0.5238095238095238,0.22692307692307692
3,ZYX,4.142693,1.8857204,3.432509806521675e-05,0.0036734880534649073,0.47619047619047616,0.12307692307692308
3,CMTM8,4.1419415,2.5832052,3.4437840382007096e-05,0.003674808734174466,0.4126984126984127,0.07307692307692308
3,PTGS1,4.133671,2.9894986,3.570144269614329e-05,0.003787560881511712,0.3968253968253968,0.07307692307692308
3,CMTM5,4.1269045,5.629428,3.676792156883289e-05,0.0038670767164967032,0.3492063492063492,0.019230769230769232
3,CPA3,4.123897,5.288757,3.7251559130516944e-05,0.003906717237066048,0.3492063492063492,0.019230769230769232
3,CXCL3,4.115627,3.3719716,3.861289656086258e-05,0.004003599509983375,0.38095238095238093,0.046153846153846156
3,PLCB4,4.094575,1.8570025,4.229438335214845e-05,0.004278367977157248,0.49206349206349204,0.15384615384615385
3,RAB37,4.0825453,2.2454293,4.454514216107971e-05,0.004466840406130626,0.4444444444444444,0.12307692307692308
3,GUCY1B1,4.078034,3.2680762,4.541810375525336e-05,0.004517250042244642,0.38095238095238093,0.05384615384615385
3,CD84,4.0667562,3.3211162,4.767203680184255e-05,0.0047285751191984806,0.38095238095238093,0.06538461538461539
3,PF4,4.0419455,8.707178,5.300959634536509e-05,0.00517387796223122,0.3333333333333333,0.007692307692307693
3,F2R,3.9938269,2.677535,6.501533090692075e-05,0.006252665132776005,0.4126984126984127,0.1076923076923077
3,TTC7B,3.9938269,2.131309,6.501533090692075e-05,0.006252665132776005,0.4603174603174603,0.16923076923076924
3,RUFY1,3.9923232,1.7672775,6.542910701492336e-05,0.006252665132776005,0.5079365079365079,0.24615384615384617
3,LAT2,3.9697678,1.5374038,7.194273119383459e-05,0.0067172854704733165,0.5555555555555556,0.2423076923076923
3,FYB1,3.9622493,4.645452,7.424697740724626e-05,0.006897242690565027,0.3492063492063492,0.038461538461538464
3,PECAM1,3.9351826,2.624329,8.313345730157712e-05,0.007494501651958187,0.3968253968253968,0.07692307692307693
3,IL1B,3.9111235,2.2070801,9.18678074831303e-05,0.008161295198276826,0.42857142857142855,0.1076923076923077
3,FRY,3.8705235,1.919473,0.00010860187439816156,0.00946413620201693,0.42857142857142855,0.12307692307692308
3,TEC,3.8607495,1.926424,0.00011303975749285247,0.009757943783009182,0.47619047619047616,0.21923076923076923
3,MPIG6B,3.8494718,3.1411254,0.00011837284419132954,0.010099217879363291,0.36507936507936506,0.057692307692307696
3,PHACTR1,3.757746,1.2832893,0.00017145075901546527,0.013822178922301859,0.5238095238095238,0.19615384615384615
3,CDKN2D,3.7509794,2.1704552,0.00017614518239818255,0.014138354870517279,0.4126984126984127,0.11923076923076924
3,BST1,3.7442126,3.5867155,0.0001809602821213371,0.014461413288041612,0.3333333333333333,0.03076923076923077
3,GPX7,3.7148905,1.8671168,0.00020329163547800721,0.01593292751633949,0.4444444444444444,0.18076923076923077
3,RAB34,3.672787,1.765371,0.0002399194640737453,0.01852593313198977,0.4444444444444444,0.15
3,SELP,3.6389537,6.352815,0.00027374795910621954,0.020830455407997384,0.30158730158730157,0.007692307692307693
3,RASAL2,3.6118872,3.11944,0.00030397685526934034,0.022845702011731264,0.36507936507936506,0.09615384615384616
3,NECTIN2,3.6066241,2.7986152,0.00031020641830453103,0.023218538070274315,0.3492063492063492,0.057692307692307696
3,ARHGAP21,3.602865,2.351712,0.00031472907087886574,0.023508976986198703,0.42857142857142855,0.18846153846153846
3,NPR3,3.581813,1.7478632,0.00034121781321333326,0.025128597950545693,0.4444444444444444,0.14615384615384616
3,NFKBIZ,3.5652723,1.9726261,0.0003634784058957335,0.026501340904760442,0.42857142857142855,0.1576923076923077
3,PROS1,3.553243,4.9387116,0.00038051301288903144,0.027440112833159207,0.30158730158730157,0.015384615384615385
3,EVA1B,3.532191,2.9551823,0.0004121314848852826,0.0294043362149829,0.3333333333333333,0.04230769230769231
3,CLEC1B,3.5186577,28.235905,0.0004337358584762959,0.03058798874005955,0.2857142857142857,0.0
3,CARD19,3.5021172,1.2906651,0.0004615767839686654,0.03199653763264606,0.5238095238095238,0.24615384615384617
3,ACTN1,3.497606,2.238647,0.0004694541937878255,0.03229791907298534,0.4444444444444444,0.23846153846153847
3,COTL1,3.497606,1.8229558,0.0004694541937878255,0.03229791907298534,0.42857142857142855,0.16923076923076924
3,HYAL3,3.4479837,3.286538,0.0005647877907616401,0.03738118974623289,0.31746031746031744,0.046153846153846156
3,AGPAT2,3.4103913,1.5255075,0.0006486972209951672,0.041727534245420236,0.4603174603174603,0.21923076923076923
3,CDIP1,3.4051285,2.5710871,0.0006613294839296714,0.04231699377851381,0.3492063492063492,0.08846153846153847
3,CASC15,3.3953543,1.1149579,0.000685398276055889,0.04355253871861388,0.5238095238095238,0.20384615384615384
3,WIPF1,3.3923469,1.3270282,0.0006929663044351956,0.043881072160264004,0.49206349206349204,0.2153846153846154
3,CLEC2B,3.3735507,1.5716983,0.0007420537622981688,0.04642719616047056,0.4444444444444444,0.17307692307692307
3,LTC4S,3.372799,3.2513263,0.0007440828607508049,0.046474704413549846,0.31746031746031744,0.046153846153846156
3,LINC00863,3.3562582,2.5484831,0.000790047824513509,0.04843641612230979,0.36507936507936506,0.12307692307692308
3,CD69,3.351747,1.2662975,0.000803033499222752,0.04906816211193981,0.49206349206349204,0.19230769230769232
